epoch,mse_loss,l1_loss,lambda_value,loss,oa,aa,k,min_cw,max_cw,avg_cw,min_s,max_s,avg_s,l0_cw,l0_s,selected_bands,selected_weights,weight_0,weight_1,weight_2,weight_3,weight_4,weight_5,weight_6,weight_7,weight_8,weight_9,weight_10,weight_11,weight_12,weight_13,weight_14,weight_15,weight_16,weight_17,weight_18,weight_19,weight_20,weight_21,weight_22,weight_23,weight_24,weight_25,weight_26,weight_27,weight_28,weight_29,weight_30,weight_31,weight_32,weight_33,weight_34,weight_35,weight_36,weight_37,weight_38,weight_39,weight_40,weight_41,weight_42,weight_43,weight_44,weight_45,weight_46,weight_47,weight_48,weight_49,weight_50,weight_51,weight_52,weight_53,weight_54,weight_55,weight_56,weight_57,weight_58,weight_59,weight_60,weight_61,weight_62,weight_63,weight_64,weight_65,weight_66,weight_67,weight_68,weight_69,weight_70,weight_71,weight_72,weight_73,weight_74,weight_75,weight_76,weight_77,weight_78,weight_79,weight_80,weight_81,weight_82,weight_83,weight_84,weight_85,weight_86,weight_87,weight_88,weight_89,weight_90,weight_91,weight_92,weight_93,weight_94,weight_95,weight_96,weight_97,weight_98,weight_99,weight_100,weight_101,weight_102,weight_103,weight_104,weight_105,weight_106,weight_107,weight_108,weight_109,weight_110,weight_111,weight_112,weight_113,weight_114,weight_115,weight_116,weight_117,weight_118,weight_119,weight_120,weight_121,weight_122,weight_123,weight_124,weight_125,weight_126,weight_127,weight_128,weight_129,weight_130,weight_131,weight_132,weight_133,weight_134,weight_135,weight_136,weight_137,weight_138,weight_139,weight_140,weight_141,weight_142,weight_143,weight_144,weight_145,weight_146,weight_147,weight_148,weight_149,weight_150,weight_151,weight_152,weight_153,weight_154,weight_155,weight_156,weight_157,weight_158,weight_159,weight_160,weight_161,weight_162,weight_163,weight_164,weight_165,weight_166,weight_167,weight_168,weight_169,weight_170,weight_171,weight_172,weight_173,weight_174,weight_175,weight_176,weight_177,weight_178,weight_179,weight_180,weight_181,weight_182,weight_183,weight_184,weight_185,weight_186,weight_187,weight_188,weight_189,weight_190,weight_191,weight_192,weight_193,weight_194,weight_195,weight_196,weight_197,weight_198,weight_199
0,3.065,0.5001891,9.98e-05,3.065,0.731,0.67,0.693,0.421,0.565,0.5,0.421,0.565,0.5,200,200,141|50|6|164|81|58|85|31|177|72|49|60|158|93|125|195|116|196|179|170|53|168|73|191|62|109|86|166|24|161,0.565|0.562|0.551|0.55|0.545|0.545|0.544|0.543|0.543|0.542|0.542|0.54|0.539|0.539|0.537|0.535|0.535|0.535|0.535|0.534|0.534|0.534|0.532|0.53|0.53|0.53|0.528|0.528|0.528|0.527,0.516,0.515,0.501,0.507,0.524,0.474,0.551,0.461,0.481,0.49,0.446,0.49,0.502,0.502,0.473,0.449,0.484,0.493,0.464,0.524,0.524,0.509,0.517,0.508,0.528,0.481,0.495,0.457,0.516,0.487,0.486,0.543,0.515,0.526,0.511,0.499,0.52,0.487,0.514,0.472,0.51,0.509,0.516,0.469,0.483,0.515,0.52,0.498,0.523,0.542,0.562,0.482,0.508,0.534,0.511,0.508,0.478,0.508,0.545,0.452,0.54,0.489,0.53,0.516,0.491,0.521,0.465,0.49,0.458,0.51,0.524,0.496,0.542,0.532,0.477,0.507,0.526,0.485,0.467,0.49,0.507,0.545,0.51,0.481,0.491,0.544,0.528,0.488,0.498,0.488,0.483,0.457,0.498,0.539,0.506,0.494,0.478,0.519,0.507,0.5,0.498,0.471,0.496,0.472,0.519,0.498,0.422,0.502,0.498,0.53,0.518,0.491,0.447,0.513,0.453,0.421,0.535,0.479,0.509,0.522,0.492,0.469,0.501,0.511,0.503,0.537,0.455,0.515,0.511,0.505,0.467,0.441,0.492,0.492,0.479,0.515,0.522,0.486,0.475,0.493,0.503,0.565,0.513,0.475,0.497,0.495,0.515,0.463,0.493,0.499,0.473,0.472,0.503,0.512,0.5,0.472,0.481,0.515,0.539,0.467,0.483,0.527,0.503,0.478,0.55,0.481,0.528,0.454,0.534,0.52,0.534,0.523,0.481,0.515,0.484,0.506,0.491,0.543,0.449,0.535,0.526,0.504,0.505,0.471,0.502,0.516,0.491,0.476,0.494,0.494,0.503,0.53,0.525,0.491,0.5,0.535,0.535,0.462,0.513,0.501
10,1.593,0.4993999,9.78e-05,1.593,0.749,0.693,0.713,0.279,0.701,0.499,0.279,0.701,0.499,200,200,50|41|75|35|6|39|107|119|29|93|22|98|84|68|141|4|148|47|69|2|152|53|37|128|74|185|64|45|162|65,0.701|0.7|0.688|0.661|0.656|0.652|0.646|0.644|0.641|0.638|0.636|0.632|0.626|0.624|0.624|0.623|0.622|0.622|0.619|0.618|0.614|0.611|0.611|0.606|0.604|0.603|0.603|0.599|0.596|0.595,0.411,0.415,0.618,0.427,0.623,0.403,0.656,0.455,0.437,0.491,0.589,0.465,0.543,0.566,0.39,0.462,0.506,0.413,0.583,0.411,0.591,0.501,0.636,0.582,0.539,0.589,0.317,0.551,0.516,0.641,0.523,0.437,0.543,0.504,0.51,0.661,0.434,0.611,0.406,0.652,0.542,0.7,0.557,0.522,0.425,0.599,0.554,0.622,0.489,0.58,0.701,0.54,0.474,0.611,0.395,0.478,0.465,0.442,0.467,0.419,0.457,0.485,0.412,0.469,0.603,0.595,0.458,0.438,0.624,0.619,0.524,0.456,0.421,0.495,0.604,0.688,0.489,0.468,0.587,0.54,0.564,0.578,0.542,0.436,0.626,0.428,0.527,0.401,0.446,0.593,0.529,0.373,0.459,0.638,0.395,0.535,0.43,0.341,0.632,0.579,0.541,0.388,0.279,0.4,0.482,0.507,0.306,0.646,0.444,0.398,0.565,0.577,0.467,0.511,0.594,0.473,0.566,0.486,0.432,0.644,0.461,0.463,0.58,0.544,0.513,0.565,0.393,0.559,0.606,0.487,0.335,0.505,0.439,0.457,0.322,0.469,0.582,0.551,0.454,0.515,0.415,0.624,0.482,0.317,0.465,0.402,0.452,0.539,0.622,0.576,0.382,0.535,0.614,0.502,0.504,0.542,0.497,0.478,0.481,0.425,0.593,0.526,0.596,0.383,0.418,0.44,0.483,0.557,0.526,0.551,0.565,0.555,0.372,0.368,0.47,0.56,0.352,0.511,0.439,0.558,0.469,0.589,0.442,0.46,0.391,0.603,0.404,0.372,0.528,0.379,0.566,0.496,0.479,0.422,0.466,0.437,0.46,0.407,0.307,0.347
20,1.362,0.4995903,9.59e-05,1.362,0.737,0.667,0.7,0.182,0.78,0.5,0.182,0.78,0.5,200,200,50|41|6|4|2|35|39|119|75|22|107|20|37|149|148|64|98|69|78|84|47|74|93|29|141|68|25|10|53|179,0.78|0.775|0.767|0.759|0.752|0.749|0.702|0.702|0.701|0.7|0.699|0.692|0.686|0.682|0.681|0.681|0.68|0.666|0.661|0.661|0.661|0.658|0.657|0.657|0.656|0.654|0.654|0.653|0.629|0.628,0.238,0.34,0.752,0.393,0.759,0.434,0.767,0.543,0.505,0.496,0.653,0.572,0.491,0.608,0.354,0.48,0.514,0.429,0.562,0.492,0.692,0.527,0.7,0.602,0.536,0.654,0.256,0.561,0.483,0.657,0.52,0.366,0.596,0.562,0.542,0.749,0.494,0.686,0.408,0.702,0.604,0.775,0.544,0.472,0.392,0.603,0.549,0.661,0.48,0.583,0.78,0.603,0.494,0.629,0.326,0.436,0.491,0.424,0.451,0.378,0.363,0.423,0.375,0.464,0.681,0.576,0.462,0.448,0.654,0.666,0.562,0.457,0.387,0.465,0.658,0.701,0.49,0.449,0.661,0.545,0.573,0.571,0.5,0.455,0.661,0.383,0.464,0.37,0.364,0.535,0.45,0.303,0.45,0.657,0.347,0.585,0.427,0.323,0.68,0.613,0.537,0.357,0.182,0.286,0.434,0.477,0.243,0.699,0.443,0.365,0.609,0.621,0.451,0.486,0.613,0.465,0.568,0.476,0.448,0.702,0.513,0.473,0.619,0.574,0.528,0.579,0.353,0.616,0.605,0.482,0.282,0.525,0.366,0.441,0.295,0.501,0.608,0.566,0.447,0.551,0.353,0.656,0.488,0.239,0.352,0.306,0.415,0.527,0.681,0.682,0.349,0.547,0.6,0.444,0.523,0.529,0.493,0.455,0.518,0.424,0.628,0.566,0.598,0.325,0.323,0.395,0.478,0.553,0.593,0.603,0.612,0.524,0.331,0.354,0.499,0.528,0.309,0.529,0.451,0.628,0.424,0.627,0.463,0.52,0.397,0.623,0.319,0.31,0.497,0.317,0.596,0.439,0.44,0.446,0.474,0.443,0.417,0.394,0.217,0.216
30,1.203,0.4998578,9.4e-05,1.203,0.754,0.702,0.72,0.129,0.85,0.5,0.129,0.85,0.5,200,200,6|4|2|50|35|41|149|37|64|78|119|22|47|98|11|179|107|148|141|29|25|75|127|69|39|74|13|20|10|84,0.85|0.842|0.839|0.809|0.807|0.799|0.736|0.731|0.727|0.723|0.717|0.717|0.716|0.714|0.713|0.71|0.709|0.704|0.69|0.689|0.683|0.683|0.679|0.678|0.677|0.676|0.67|0.669|0.664|0.662,0.151,0.31,0.839,0.373,0.842,0.557,0.85,0.642,0.576,0.529,0.664,0.713,0.444,0.67,0.303,0.475,0.504,0.45,0.512,0.516,0.669,0.559,0.717,0.617,0.569,0.683,0.207,0.543,0.509,0.689,0.568,0.351,0.604,0.632,0.612,0.807,0.578,0.731,0.413,0.677,0.618,0.799,0.535,0.463,0.407,0.618,0.536,0.716,0.439,0.59,0.809,0.59,0.495,0.654,0.288,0.4,0.475,0.396,0.446,0.366,0.245,0.373,0.345,0.431,0.727,0.581,0.454,0.456,0.637,0.678,0.6,0.418,0.368,0.461,0.676,0.683,0.505,0.42,0.723,0.585,0.582,0.589,0.445,0.437,0.662,0.355,0.38,0.326,0.292,0.497,0.404,0.273,0.4,0.638,0.335,0.599,0.377,0.34,0.714,0.634,0.543,0.354,0.129,0.184,0.343,0.416,0.202,0.709,0.409,0.345,0.634,0.618,0.44,0.466,0.627,0.448,0.577,0.455,0.467,0.717,0.553,0.466,0.639,0.598,0.542,0.619,0.344,0.679,0.641,0.496,0.271,0.526,0.331,0.437,0.288,0.538,0.617,0.583,0.462,0.586,0.318,0.69,0.476,0.184,0.239,0.222,0.379,0.527,0.704,0.736,0.322,0.544,0.582,0.394,0.536,0.501,0.488,0.432,0.576,0.418,0.654,0.583,0.619,0.278,0.274,0.377,0.443,0.546,0.635,0.629,0.635,0.522,0.316,0.343,0.506,0.554,0.275,0.553,0.486,0.71,0.434,0.652,0.482,0.573,0.394,0.656,0.288,0.28,0.467,0.309,0.602,0.443,0.452,0.447,0.485,0.459,0.409,0.385,0.171,0.142
40,1.096,0.5002359,9.21e-05,1.096,0.767,0.712,0.734,0.104,0.898,0.5,0.104,0.898,0.5,200,200,6|4|2|35|50|41|179|149|11|37|78|47|64|98|127|141|7|29|22|119|148|25|107|13|69|84|33|74|185|160,0.898|0.886|0.873|0.836|0.82|0.799|0.773|0.764|0.762|0.755|0.752|0.744|0.74|0.728|0.716|0.715|0.715|0.712|0.708|0.707|0.703|0.694|0.69|0.688|0.688|0.685|0.684|0.682|0.679|0.672,0.139,0.315,0.873,0.393,0.886,0.66,0.898,0.715,0.627,0.562,0.657,0.762,0.392,0.688,0.284,0.455,0.489,0.443,0.489,0.467,0.611,0.576,0.708,0.621,0.603,0.694,0.211,0.552,0.495,0.712,0.615,0.345,0.616,0.684,0.659,0.836,0.657,0.755,0.423,0.619,0.622,0.799,0.51,0.469,0.39,0.602,0.532,0.744,0.415,0.59,0.82,0.587,0.492,0.657,0.267,0.396,0.452,0.411,0.429,0.347,0.184,0.32,0.347,0.386,0.74,0.554,0.414,0.43,0.617,0.688,0.604,0.413,0.366,0.46,0.682,0.596,0.531,0.385,0.752,0.625,0.594,0.595,0.402,0.437,0.685,0.357,0.316,0.286,0.266,0.484,0.382,0.282,0.351,0.613,0.335,0.577,0.373,0.381,0.728,0.656,0.55,0.376,0.104,0.134,0.267,0.364,0.18,0.69,0.393,0.331,0.654,0.631,0.422,0.463,0.626,0.423,0.584,0.466,0.488,0.707,0.579,0.473,0.653,0.605,0.53,0.638,0.351,0.716,0.653,0.504,0.281,0.489,0.313,0.43,0.292,0.563,0.636,0.59,0.471,0.613,0.299,0.715,0.471,0.164,0.174,0.204,0.375,0.58,0.703,0.764,0.328,0.524,0.603,0.347,0.563,0.471,0.462,0.413,0.625,0.43,0.672,0.588,0.638,0.272,0.259,0.377,0.42,0.537,0.653,0.661,0.649,0.518,0.312,0.339,0.498,0.581,0.266,0.574,0.516,0.773,0.467,0.663,0.469,0.616,0.38,0.679,0.286,0.264,0.452,0.322,0.619,0.449,0.465,0.459,0.472,0.464,0.396,0.396,0.16,0.11
50,0.989,0.4998675,9.03e-05,0.989,0.762,0.725,0.728,0.09,0.921,0.5,0.0,0.921,0.499,200,198,6|4|2|35|50|179|41|149|11|78|37|64|47|7|127|141|29|98|36|5|13|25|119|69|148|74|22|107|84|185,0.921|0.91|0.884|0.852|0.827|0.81|0.798|0.786|0.785|0.782|0.779|0.763|0.75|0.745|0.742|0.734|0.732|0.732|0.729|0.726|0.724|0.718|0.716|0.713|0.713|0.707|0.696|0.694|0.691|0.689,0.141,0.325,0.884,0.412,0.91,0.726,0.921,0.745,0.671,0.575,0.665,0.785,0.341,0.724,0.274,0.431,0.478,0.443,0.468,0.423,0.594,0.584,0.696,0.646,0.569,0.718,0.228,0.551,0.501,0.732,0.651,0.339,0.646,0.68,0.688,0.852,0.729,0.779,0.424,0.556,0.607,0.798,0.489,0.486,0.397,0.586,0.519,0.75,0.364,0.591,0.827,0.56,0.5,0.653,0.247,0.402,0.439,0.419,0.424,0.334,0.152,0.263,0.345,0.361,0.763,0.564,0.388,0.428,0.615,0.713,0.598,0.398,0.372,0.474,0.707,0.542,0.582,0.37,0.782,0.645,0.614,0.603,0.382,0.429,0.691,0.37,0.289,0.246,0.24,0.468,0.373,0.288,0.316,0.584,0.339,0.552,0.371,0.414,0.732,0.68,0.547,0.407,0.0,0.109,0.224,0.314,0.165,0.694,0.374,0.31,0.651,0.635,0.403,0.457,0.628,0.398,0.587,0.472,0.494,0.716,0.596,0.477,0.652,0.619,0.551,0.664,0.369,0.742,0.674,0.511,0.291,0.484,0.306,0.424,0.309,0.568,0.65,0.599,0.482,0.643,0.282,0.734,0.478,0.15,0.141,0.18,0.376,0.629,0.713,0.786,0.319,0.513,0.595,0.317,0.572,0.441,0.429,0.39,0.666,0.439,0.683,0.575,0.65,0.267,0.254,0.366,0.401,0.544,0.671,0.663,0.663,0.514,0.305,0.349,0.515,0.594,0.255,0.595,0.524,0.81,0.498,0.676,0.414,0.639,0.375,0.689,0.29,0.253,0.433,0.319,0.622,0.447,0.469,0.432,0.431,0.425,0.371,0.368,0.158,0.0
60,0.969,0.4982529,8.85e-05,0.969,0.779,0.752,0.748,0.082,0.936,0.498,0.0,0.936,0.497,200,198,6|4|2|35|50|179|149|78|41|37|64|11|36|127|7|13|5|47|74|69|29|25|98|119|148|141|34|160|158|8,0.936|0.923|0.89|0.864|0.832|0.83|0.81|0.808|0.804|0.802|0.796|0.786|0.78|0.779|0.777|0.767|0.755|0.753|0.748|0.732|0.731|0.73|0.728|0.723|0.716|0.715|0.707|0.702|0.696|0.694,0.132,0.286,0.89,0.444,0.923,0.755,0.936,0.777,0.694,0.572,0.688,0.786,0.304,0.767,0.29,0.417,0.463,0.463,0.445,0.404,0.6,0.583,0.664,0.637,0.528,0.73,0.23,0.515,0.533,0.731,0.671,0.364,0.658,0.647,0.707,0.864,0.78,0.802,0.415,0.513,0.618,0.804,0.497,0.509,0.412,0.566,0.522,0.753,0.361,0.577,0.832,0.557,0.495,0.626,0.233,0.428,0.422,0.419,0.433,0.324,0.146,0.233,0.343,0.343,0.796,0.577,0.398,0.44,0.617,0.732,0.601,0.408,0.37,0.473,0.748,0.464,0.608,0.353,0.808,0.658,0.655,0.602,0.373,0.42,0.664,0.332,0.263,0.22,0.22,0.469,0.353,0.303,0.268,0.582,0.326,0.534,0.367,0.434,0.728,0.664,0.548,0.413,0.0,0.101,0.187,0.291,0.155,0.675,0.356,0.306,0.635,0.64,0.39,0.415,0.605,0.422,0.568,0.509,0.488,0.723,0.578,0.494,0.627,0.629,0.551,0.655,0.375,0.779,0.687,0.468,0.291,0.463,0.3,0.423,0.319,0.558,0.657,0.606,0.494,0.662,0.299,0.715,0.483,0.143,0.121,0.163,0.407,0.666,0.716,0.81,0.298,0.483,0.575,0.291,0.589,0.401,0.41,0.388,0.696,0.435,0.702,0.577,0.642,0.252,0.243,0.368,0.396,0.547,0.653,0.658,0.664,0.514,0.291,0.357,0.518,0.608,0.269,0.596,0.536,0.83,0.529,0.686,0.376,0.669,0.362,0.689,0.288,0.243,0.44,0.31,0.656,0.446,0.479,0.429,0.409,0.407,0.327,0.322,0.173,0.0
70,0.837,0.4975043,8.68e-05,0.837,0.78,0.754,0.75,0.079,0.939,0.498,0.0,0.939,0.496,200,197,6|4|2|35|50|179|37|149|36|78|13|41|64|11|127|7|47|74|5|69|29|25|34|98|128|148|141|185|160|30,0.939|0.929|0.894|0.878|0.838|0.836|0.827|0.819|0.812|0.807|0.802|0.799|0.796|0.793|0.792|0.787|0.781|0.762|0.758|0.755|0.755|0.74|0.734|0.725|0.725|0.724|0.722|0.718|0.716|0.709,0.114,0.252,0.894,0.437,0.929,0.758,0.939,0.787,0.698,0.56,0.682,0.793,0.29,0.802,0.3,0.383,0.434,0.457,0.423,0.382,0.614,0.603,0.597,0.64,0.558,0.74,0.214,0.507,0.552,0.755,0.709,0.372,0.672,0.606,0.734,0.878,0.812,0.827,0.425,0.502,0.619,0.799,0.495,0.558,0.441,0.548,0.488,0.781,0.352,0.543,0.838,0.549,0.481,0.583,0.229,0.493,0.411,0.398,0.451,0.325,0.132,0.235,0.342,0.339,0.796,0.622,0.403,0.425,0.632,0.755,0.584,0.421,0.352,0.468,0.762,0.467,0.582,0.336,0.807,0.676,0.683,0.574,0.373,0.407,0.613,0.323,0.216,0.193,0.188,0.431,0.328,0.312,0.224,0.576,0.292,0.551,0.38,0.415,0.725,0.645,0.56,0.402,0.0,0.0,0.187,0.277,0.166,0.675,0.309,0.31,0.661,0.644,0.372,0.426,0.622,0.39,0.551,0.51,0.514,0.696,0.578,0.493,0.642,0.64,0.51,0.68,0.393,0.792,0.725,0.496,0.301,0.429,0.322,0.401,0.309,0.595,0.644,0.63,0.468,0.655,0.287,0.722,0.505,0.146,0.103,0.147,0.429,0.689,0.724,0.819,0.299,0.414,0.55,0.283,0.574,0.409,0.401,0.4,0.684,0.475,0.716,0.606,0.636,0.266,0.244,0.386,0.37,0.59,0.649,0.674,0.687,0.539,0.265,0.379,0.55,0.633,0.275,0.616,0.55,0.836,0.471,0.679,0.339,0.707,0.356,0.718,0.3,0.24,0.471,0.313,0.654,0.434,0.493,0.428,0.41,0.401,0.285,0.283,0.166,0.0
80,0.792,0.4964516,8.5e-05,0.792,0.775,0.756,0.745,0.076,0.945,0.496,0.0,0.945,0.495,200,196,6|4|2|35|179|37|50|36|149|13|78|11|127|7|64|41|47|5|69|34|74|29|25|128|148|30|185|160|183|141,0.945|0.936|0.898|0.885|0.843|0.842|0.838|0.831|0.829|0.825|0.816|0.807|0.807|0.806|0.804|0.801|0.793|0.765|0.762|0.758|0.754|0.754|0.741|0.74|0.736|0.734|0.727|0.725|0.724|0.723,0.103,0.241,0.898,0.45,0.936,0.765,0.945,0.806,0.708,0.557,0.678,0.807,0.273,0.825,0.319,0.37,0.425,0.454,0.402,0.357,0.634,0.605,0.587,0.633,0.544,0.741,0.212,0.491,0.541,0.754,0.734,0.384,0.676,0.579,0.758,0.885,0.831,0.842,0.451,0.501,0.621,0.801,0.496,0.604,0.453,0.53,0.47,0.793,0.331,0.526,0.838,0.534,0.471,0.565,0.209,0.501,0.379,0.409,0.457,0.343,0.121,0.221,0.334,0.334,0.804,0.654,0.4,0.406,0.633,0.762,0.581,0.422,0.351,0.465,0.754,0.429,0.586,0.325,0.816,0.69,0.7,0.552,0.356,0.383,0.572,0.299,0.199,0.177,0.161,0.416,0.32,0.32,0.21,0.551,0.28,0.52,0.381,0.417,0.723,0.65,0.558,0.414,0.0,0.0,0.176,0.257,0.166,0.673,0.298,0.311,0.672,0.652,0.364,0.431,0.629,0.405,0.543,0.518,0.529,0.691,0.581,0.496,0.644,0.65,0.525,0.694,0.398,0.807,0.74,0.509,0.315,0.426,0.338,0.4,0.318,0.608,0.663,0.641,0.473,0.664,0.286,0.723,0.497,0.141,0.0,0.132,0.431,0.721,0.736,0.829,0.301,0.409,0.54,0.272,0.563,0.398,0.378,0.403,0.69,0.494,0.725,0.614,0.64,0.256,0.236,0.38,0.353,0.598,0.657,0.683,0.697,0.55,0.253,0.394,0.568,0.646,0.291,0.626,0.553,0.843,0.456,0.666,0.319,0.724,0.36,0.727,0.301,0.232,0.459,0.31,0.646,0.426,0.486,0.399,0.395,0.374,0.259,0.25,0.17,0.0
90,0.694,0.4953877,8.34e-05,0.694,0.785,0.759,0.754,0.076,0.948,0.495,0.0,0.948,0.494,200,196,6|4|2|35|179|37|36|149|50|13|78|64|11|127|41|7|47|34|5|69|29|147|128|74|25|30|148|160|183|98,0.948|0.942|0.899|0.89|0.856|0.851|0.85|0.839|0.835|0.832|0.819|0.815|0.814|0.811|0.808|0.806|0.792|0.77|0.769|0.769|0.76|0.745|0.745|0.745|0.743|0.741|0.74|0.738|0.738|0.734,0.106,0.247,0.899,0.463,0.942,0.769,0.948,0.806,0.719,0.537,0.685,0.814,0.259,0.832,0.346,0.37,0.415,0.466,0.388,0.34,0.655,0.59,0.575,0.634,0.53,0.743,0.208,0.472,0.542,0.76,0.741,0.427,0.661,0.575,0.77,0.89,0.85,0.851,0.45,0.505,0.637,0.808,0.495,0.613,0.444,0.525,0.479,0.792,0.315,0.525,0.835,0.541,0.481,0.569,0.188,0.477,0.353,0.425,0.467,0.345,0.123,0.208,0.332,0.319,0.815,0.66,0.396,0.385,0.645,0.769,0.598,0.442,0.341,0.452,0.745,0.418,0.593,0.335,0.819,0.685,0.706,0.553,0.344,0.374,0.565,0.28,0.207,0.173,0.139,0.425,0.332,0.341,0.22,0.524,0.26,0.47,0.402,0.397,0.734,0.659,0.555,0.414,0.0,0.0,0.169,0.247,0.159,0.652,0.3,0.323,0.676,0.669,0.35,0.433,0.628,0.395,0.508,0.526,0.535,0.7,0.573,0.508,0.634,0.645,0.522,0.695,0.395,0.811,0.745,0.528,0.319,0.403,0.338,0.411,0.323,0.604,0.678,0.639,0.473,0.654,0.288,0.719,0.468,0.133,0.0,0.121,0.42,0.745,0.74,0.839,0.31,0.433,0.559,0.257,0.564,0.371,0.358,0.39,0.699,0.52,0.738,0.62,0.654,0.253,0.227,0.38,0.341,0.604,0.66,0.663,0.705,0.545,0.244,0.406,0.569,0.653,0.288,0.63,0.55,0.856,0.464,0.669,0.304,0.738,0.35,0.727,0.3,0.223,0.443,0.312,0.626,0.435,0.479,0.392,0.37,0.342,0.227,0.234,0.177,0.0
100,0.628,0.4943495,8.17e-05,0.628,0.784,0.762,0.753,0.073,0.952,0.494,0.0,0.952,0.493,200,196,6|4|2|35|36|179|37|149|13|50|78|11|64|127|7|41|47|34|5|69|147|29|128|30|148|183|160|25|98|8,0.952|0.947|0.898|0.894|0.868|0.864|0.857|0.851|0.848|0.834|0.825|0.825|0.824|0.824|0.82|0.815|0.795|0.79|0.776|0.773|0.769|0.76|0.755|0.75|0.749|0.747|0.743|0.739|0.739|0.731,0.102,0.246,0.898,0.463,0.947,0.776,0.952,0.82,0.731,0.531,0.692,0.825,0.243,0.848,0.376,0.373,0.406,0.47,0.39,0.327,0.666,0.586,0.559,0.639,0.515,0.739,0.199,0.448,0.523,0.76,0.75,0.453,0.652,0.575,0.79,0.894,0.868,0.857,0.455,0.487,0.64,0.815,0.495,0.629,0.44,0.524,0.477,0.795,0.305,0.528,0.834,0.543,0.481,0.565,0.176,0.461,0.35,0.442,0.471,0.357,0.121,0.195,0.326,0.312,0.824,0.668,0.386,0.364,0.646,0.773,0.604,0.443,0.346,0.441,0.729,0.396,0.59,0.347,0.825,0.675,0.719,0.541,0.33,0.353,0.548,0.27,0.211,0.164,0.128,0.42,0.327,0.349,0.231,0.5,0.254,0.442,0.407,0.4,0.739,0.67,0.556,0.422,0.0,0.0,0.161,0.23,0.158,0.633,0.296,0.315,0.689,0.676,0.344,0.447,0.624,0.387,0.514,0.518,0.543,0.704,0.575,0.508,0.631,0.646,0.526,0.703,0.397,0.824,0.755,0.535,0.316,0.407,0.339,0.402,0.336,0.606,0.693,0.634,0.473,0.657,0.285,0.72,0.446,0.119,0.0,0.111,0.397,0.769,0.749,0.851,0.3,0.453,0.577,0.249,0.558,0.355,0.341,0.385,0.706,0.54,0.743,0.614,0.664,0.245,0.223,0.374,0.332,0.608,0.667,0.671,0.71,0.563,0.237,0.42,0.57,0.66,0.294,0.625,0.549,0.864,0.459,0.68,0.292,0.747,0.35,0.723,0.3,0.215,0.423,0.308,0.628,0.444,0.466,0.357,0.35,0.319,0.211,0.206,0.17,0.0
110,0.596,0.4939517,8.01e-05,0.596,0.784,0.762,0.753,0.071,0.954,0.494,0.0,0.954,0.492,200,196,6|4|35|2|36|179|37|149|13|50|64|11|7|127|41|78|34|47|147|5|69|29|148|183|30|128|160|25|8|98,0.954|0.951|0.894|0.892|0.877|0.87|0.864|0.856|0.855|0.838|0.834|0.833|0.827|0.822|0.82|0.818|0.803|0.797|0.782|0.781|0.774|0.768|0.76|0.759|0.754|0.754|0.752|0.75|0.743|0.741,0.107,0.241,0.892,0.469,0.951,0.781,0.954,0.827,0.743,0.529,0.694,0.833,0.229,0.855,0.398,0.374,0.397,0.476,0.396,0.314,0.668,0.587,0.546,0.633,0.52,0.75,0.194,0.424,0.529,0.768,0.754,0.49,0.651,0.581,0.803,0.894,0.877,0.864,0.475,0.469,0.645,0.82,0.497,0.643,0.439,0.52,0.486,0.797,0.305,0.525,0.838,0.556,0.479,0.55,0.169,0.455,0.361,0.448,0.467,0.383,0.118,0.188,0.317,0.3,0.834,0.675,0.369,0.349,0.657,0.774,0.614,0.441,0.357,0.434,0.712,0.387,0.591,0.365,0.818,0.654,0.723,0.544,0.325,0.346,0.522,0.267,0.211,0.154,0.124,0.411,0.311,0.37,0.229,0.484,0.256,0.415,0.406,0.4,0.741,0.681,0.545,0.43,0.0,0.0,0.157,0.221,0.169,0.625,0.296,0.326,0.696,0.686,0.341,0.454,0.635,0.387,0.503,0.512,0.544,0.707,0.581,0.514,0.626,0.647,0.532,0.711,0.4,0.822,0.754,0.536,0.31,0.403,0.34,0.394,0.338,0.602,0.702,0.636,0.465,0.651,0.29,0.72,0.42,0.106,0.0,0.101,0.37,0.782,0.76,0.856,0.292,0.466,0.591,0.233,0.561,0.339,0.331,0.381,0.711,0.538,0.752,0.625,0.67,0.241,0.223,0.378,0.331,0.6,0.673,0.674,0.719,0.553,0.242,0.434,0.567,0.66,0.302,0.62,0.556,0.87,0.471,0.683,0.271,0.759,0.344,0.719,0.306,0.215,0.413,0.312,0.615,0.462,0.463,0.336,0.318,0.292,0.209,0.182,0.166,0.0
120,0.545,0.4934571,7.85e-05,0.545,0.784,0.762,0.753,0.071,0.956,0.493,0.0,0.956,0.491,200,194,6|4|35|36|2|179|37|13|149|64|50|11|7|127|41|78|34|47|147|5|69|148|29|183|128|30|160|8|25|98,0.956|0.953|0.895|0.885|0.885|0.875|0.867|0.867|0.861|0.839|0.838|0.835|0.834|0.829|0.825|0.82|0.806|0.799|0.792|0.778|0.775|0.774|0.77|0.77|0.759|0.759|0.757|0.75|0.749|0.742,0.125,0.23,0.885,0.464,0.953,0.778,0.956,0.834,0.75,0.528,0.694,0.835,0.212,0.867,0.42,0.373,0.382,0.479,0.422,0.308,0.663,0.583,0.526,0.627,0.51,0.749,0.184,0.401,0.529,0.77,0.759,0.497,0.639,0.581,0.806,0.895,0.885,0.867,0.486,0.442,0.656,0.825,0.506,0.645,0.455,0.525,0.481,0.799,0.295,0.536,0.838,0.547,0.485,0.525,0.161,0.437,0.371,0.453,0.485,0.39,0.117,0.182,0.301,0.296,0.839,0.683,0.361,0.342,0.646,0.775,0.618,0.426,0.374,0.415,0.701,0.386,0.593,0.396,0.82,0.64,0.723,0.54,0.316,0.337,0.519,0.273,0.223,0.148,0.122,0.415,0.309,0.369,0.238,0.458,0.255,0.394,0.413,0.403,0.742,0.683,0.538,0.433,0.0,0.0,0.155,0.216,0.184,0.617,0.294,0.324,0.701,0.687,0.34,0.464,0.639,0.383,0.502,0.502,0.552,0.714,0.584,0.522,0.628,0.643,0.538,0.713,0.402,0.829,0.759,0.53,0.303,0.407,0.341,0.394,0.344,0.601,0.711,0.635,0.452,0.655,0.297,0.714,0.407,0.0,0.0,0.0,0.346,0.792,0.774,0.861,0.283,0.477,0.597,0.225,0.558,0.332,0.322,0.379,0.715,0.545,0.757,0.631,0.664,0.241,0.221,0.38,0.329,0.602,0.677,0.675,0.724,0.574,0.247,0.455,0.568,0.664,0.303,0.615,0.558,0.875,0.488,0.7,0.264,0.77,0.35,0.713,0.312,0.214,0.393,0.301,0.613,0.484,0.459,0.313,0.295,0.277,0.203,0.161,0.16,0.0
130,0.504,0.4927607,7.7e-05,0.504,0.784,0.762,0.753,0.07,0.959,0.493,0.0,0.959,0.49,200,194,6|4|35|36|2|179|13|37|149|64|11|50|7|127|41|78|34|47|147|148|5|69|183|29|8|30|160|128|98|25,0.959|0.956|0.898|0.893|0.879|0.877|0.875|0.872|0.864|0.844|0.842|0.841|0.84|0.834|0.831|0.817|0.81|0.802|0.797|0.783|0.777|0.775|0.772|0.767|0.762|0.762|0.76|0.76|0.746|0.746,0.133,0.222,0.879,0.465,0.956,0.777,0.959,0.84,0.762,0.531,0.685,0.842,0.204,0.875,0.434,0.378,0.371,0.475,0.427,0.306,0.657,0.58,0.512,0.624,0.507,0.746,0.183,0.382,0.524,0.767,0.762,0.492,0.629,0.589,0.81,0.898,0.893,0.872,0.495,0.416,0.657,0.831,0.517,0.644,0.46,0.524,0.472,0.802,0.292,0.539,0.841,0.543,0.499,0.513,0.157,0.432,0.384,0.451,0.497,0.407,0.121,0.178,0.29,0.289,0.844,0.693,0.351,0.337,0.638,0.775,0.627,0.414,0.385,0.412,0.686,0.385,0.593,0.412,0.817,0.627,0.733,0.544,0.308,0.324,0.514,0.274,0.227,0.151,0.117,0.423,0.308,0.371,0.243,0.437,0.251,0.388,0.419,0.408,0.746,0.686,0.535,0.441,0.0,0.0,0.155,0.211,0.196,0.616,0.296,0.327,0.711,0.693,0.337,0.473,0.639,0.386,0.5,0.498,0.549,0.716,0.58,0.516,0.626,0.641,0.539,0.713,0.398,0.834,0.76,0.515,0.291,0.414,0.349,0.398,0.346,0.599,0.717,0.633,0.439,0.657,0.311,0.711,0.395,0.0,0.0,0.0,0.322,0.797,0.783,0.864,0.275,0.48,0.612,0.217,0.546,0.323,0.311,0.377,0.715,0.546,0.76,0.63,0.663,0.242,0.218,0.382,0.325,0.604,0.68,0.678,0.725,0.587,0.244,0.466,0.566,0.662,0.305,0.614,0.558,0.877,0.489,0.703,0.255,0.772,0.349,0.713,0.315,0.213,0.38,0.298,0.612,0.499,0.452,0.285,0.275,0.266,0.204,0.147,0.153,0.0
140,0.484,0.4926392,7.54e-05,0.484,0.784,0.762,0.753,0.07,0.959,0.493,0.0,0.959,0.49,200,194,6|4|35|36|179|37|13|2|149|64|11|7|50|127|41|34|78|47|147|148|183|5|69|8|30|29|160|128|25|98,0.959|0.956|0.897|0.897|0.878|0.877|0.876|0.87|0.865|0.85|0.845|0.841|0.84|0.835|0.834|0.811|0.808|0.797|0.797|0.79|0.777|0.774|0.772|0.768|0.765|0.764|0.764|0.757|0.751|0.745,0.124,0.222,0.87,0.471,0.956,0.774,0.959,0.841,0.768,0.527,0.683,0.845,0.198,0.876,0.449,0.379,0.365,0.477,0.434,0.299,0.66,0.576,0.503,0.616,0.515,0.751,0.187,0.365,0.524,0.764,0.765,0.505,0.621,0.585,0.811,0.897,0.897,0.877,0.514,0.41,0.66,0.834,0.517,0.649,0.452,0.52,0.461,0.797,0.288,0.532,0.84,0.559,0.507,0.511,0.154,0.431,0.391,0.455,0.493,0.423,0.127,0.177,0.289,0.283,0.85,0.693,0.343,0.33,0.637,0.772,0.628,0.411,0.403,0.413,0.668,0.375,0.592,0.415,0.808,0.604,0.739,0.544,0.306,0.321,0.49,0.276,0.216,0.155,0.113,0.443,0.302,0.386,0.246,0.426,0.253,0.384,0.418,0.418,0.745,0.703,0.533,0.452,0.0,0.0,0.155,0.207,0.209,0.608,0.3,0.338,0.712,0.699,0.339,0.48,0.643,0.382,0.503,0.496,0.553,0.716,0.578,0.523,0.623,0.634,0.54,0.714,0.392,0.835,0.757,0.507,0.284,0.423,0.352,0.397,0.344,0.601,0.721,0.633,0.429,0.658,0.326,0.706,0.38,0.0,0.0,0.0,0.306,0.797,0.79,0.865,0.265,0.488,0.618,0.209,0.547,0.316,0.31,0.373,0.718,0.544,0.764,0.643,0.661,0.244,0.218,0.387,0.324,0.601,0.676,0.681,0.722,0.59,0.247,0.478,0.563,0.666,0.304,0.614,0.559,0.878,0.495,0.71,0.248,0.777,0.349,0.707,0.319,0.213,0.372,0.295,0.605,0.515,0.452,0.276,0.262,0.258,0.208,0.14,0.148,0.0
150,0.465,0.4922995,7.39e-05,0.465,0.788,0.776,0.759,0.07,0.961,0.492,0.0,0.961,0.49,200,194,6|4|36|35|13|179|37|149|2|11|64|50|7|41|127|34|78|147|148|47|183|8|30|160|69|5|29|128|98|80,0.961|0.957|0.902|0.9|0.883|0.881|0.881|0.866|0.862|0.849|0.848|0.843|0.84|0.839|0.838|0.811|0.802|0.8|0.8|0.792|0.781|0.776|0.768|0.768|0.767|0.766|0.763|0.758|0.747|0.746,0.124,0.215,0.862,0.464,0.957,0.766,0.961,0.84,0.776,0.52,0.675,0.849,0.195,0.883,0.471,0.383,0.354,0.478,0.44,0.298,0.658,0.567,0.494,0.63,0.514,0.744,0.187,0.36,0.539,0.763,0.768,0.506,0.62,0.595,0.811,0.9,0.902,0.881,0.521,0.4,0.664,0.839,0.518,0.651,0.457,0.519,0.46,0.792,0.282,0.538,0.843,0.554,0.506,0.512,0.153,0.424,0.39,0.46,0.499,0.434,0.128,0.178,0.285,0.278,0.848,0.693,0.343,0.325,0.636,0.767,0.63,0.409,0.411,0.41,0.661,0.369,0.588,0.424,0.802,0.589,0.746,0.549,0.305,0.317,0.477,0.282,0.214,0.149,0.113,0.471,0.313,0.383,0.245,0.407,0.251,0.376,0.427,0.422,0.747,0.7,0.523,0.455,0.0,0.0,0.16,0.201,0.215,0.615,0.298,0.34,0.717,0.707,0.333,0.492,0.641,0.388,0.501,0.485,0.549,0.722,0.577,0.522,0.624,0.634,0.543,0.711,0.385,0.838,0.758,0.495,0.275,0.423,0.352,0.397,0.344,0.596,0.722,0.631,0.418,0.654,0.343,0.697,0.373,0.0,0.0,0.0,0.29,0.8,0.8,0.866,0.259,0.485,0.623,0.201,0.545,0.306,0.299,0.373,0.718,0.55,0.768,0.649,0.656,0.245,0.219,0.385,0.329,0.607,0.68,0.684,0.721,0.607,0.25,0.487,0.561,0.663,0.307,0.61,0.555,0.881,0.501,0.713,0.237,0.781,0.356,0.698,0.323,0.215,0.362,0.293,0.603,0.524,0.446,0.264,0.25,0.248,0.21,0.134,0.143,0.0
160,0.438,0.4927028,7.25e-05,0.438,0.784,0.767,0.754,0.072,0.96,0.493,0.0,0.96,0.49,200,194,6|4|36|35|13|179|37|149|2|64|11|50|41|7|127|34|148|78|147|47|183|8|160|30|69|29|5|128|80|25,0.96|0.956|0.904|0.897|0.882|0.882|0.88|0.863|0.849|0.849|0.848|0.839|0.837|0.837|0.835|0.81|0.804|0.796|0.795|0.788|0.787|0.781|0.771|0.769|0.761|0.76|0.76|0.755|0.748|0.742,0.123,0.212,0.849,0.462,0.956,0.76,0.96,0.837,0.781,0.512,0.668,0.848,0.193,0.882,0.484,0.385,0.349,0.48,0.45,0.296,0.654,0.567,0.492,0.633,0.519,0.742,0.193,0.347,0.547,0.76,0.769,0.515,0.619,0.598,0.81,0.897,0.904,0.88,0.539,0.412,0.662,0.837,0.516,0.657,0.456,0.511,0.46,0.788,0.277,0.524,0.839,0.554,0.509,0.511,0.152,0.422,0.398,0.464,0.499,0.446,0.129,0.183,0.286,0.279,0.849,0.687,0.34,0.327,0.635,0.761,0.629,0.413,0.416,0.414,0.644,0.359,0.593,0.431,0.796,0.567,0.748,0.547,0.317,0.322,0.464,0.294,0.209,0.15,0.116,0.512,0.326,0.394,0.251,0.392,0.256,0.377,0.427,0.42,0.742,0.705,0.512,0.455,0.0,0.0,0.165,0.199,0.218,0.61,0.292,0.357,0.72,0.707,0.341,0.494,0.645,0.397,0.499,0.487,0.554,0.723,0.58,0.528,0.613,0.623,0.543,0.714,0.379,0.835,0.755,0.495,0.274,0.42,0.356,0.404,0.346,0.595,0.726,0.633,0.41,0.652,0.358,0.692,0.362,0.0,0.0,0.0,0.277,0.795,0.804,0.863,0.25,0.484,0.614,0.198,0.55,0.3,0.299,0.371,0.714,0.552,0.771,0.664,0.651,0.25,0.227,0.397,0.325,0.593,0.677,0.687,0.721,0.617,0.263,0.493,0.561,0.664,0.307,0.613,0.558,0.882,0.504,0.718,0.229,0.787,0.362,0.691,0.328,0.219,0.36,0.288,0.594,0.532,0.451,0.262,0.24,0.247,0.221,0.133,0.138,0.0
170,0.403,0.4925319,7.1e-05,0.403,0.788,0.776,0.759,0.072,0.961,0.493,0.0,0.961,0.49,200,194,6|4|36|35|13|37|179|149|11|64|41|2|50|7|127|148|34|78|147|47|183|8|160|30|29|5|69|80|128|98,0.961|0.957|0.906|0.899|0.887|0.885|0.882|0.862|0.853|0.851|0.842|0.841|0.841|0.839|0.838|0.81|0.81|0.796|0.793|0.789|0.788|0.787|0.772|0.77|0.761|0.759|0.758|0.758|0.756|0.745,0.12,0.205,0.841,0.462,0.957,0.759,0.961,0.839,0.787,0.506,0.661,0.853,0.19,0.887,0.493,0.389,0.346,0.475,0.443,0.298,0.645,0.559,0.485,0.635,0.518,0.738,0.194,0.34,0.553,0.761,0.77,0.511,0.607,0.598,0.81,0.899,0.906,0.885,0.555,0.413,0.674,0.842,0.523,0.661,0.458,0.509,0.455,0.789,0.271,0.524,0.841,0.562,0.519,0.506,0.152,0.428,0.405,0.466,0.507,0.457,0.134,0.185,0.286,0.274,0.851,0.689,0.332,0.324,0.637,0.758,0.627,0.42,0.42,0.41,0.635,0.355,0.589,0.426,0.796,0.555,0.758,0.548,0.325,0.323,0.449,0.292,0.197,0.146,0.113,0.55,0.332,0.394,0.255,0.387,0.253,0.374,0.427,0.427,0.745,0.71,0.514,0.455,0.0,0.0,0.166,0.192,0.213,0.617,0.292,0.366,0.726,0.712,0.336,0.504,0.64,0.397,0.497,0.482,0.555,0.727,0.574,0.521,0.608,0.616,0.54,0.714,0.373,0.838,0.756,0.489,0.267,0.425,0.361,0.408,0.348,0.596,0.73,0.629,0.399,0.653,0.373,0.687,0.36,0.0,0.0,0.0,0.263,0.793,0.81,0.862,0.243,0.483,0.616,0.195,0.543,0.295,0.291,0.373,0.712,0.558,0.772,0.666,0.648,0.252,0.225,0.397,0.327,0.597,0.676,0.687,0.72,0.631,0.262,0.501,0.565,0.661,0.302,0.611,0.553,0.882,0.503,0.719,0.222,0.788,0.361,0.685,0.327,0.218,0.358,0.283,0.592,0.535,0.445,0.253,0.234,0.244,0.226,0.13,0.132,0.0
180,0.396,0.4926916,6.96e-05,0.396,0.788,0.776,0.759,0.072,0.962,0.493,0.0,0.962,0.49,200,194,6|4|36|35|13|37|179|149|11|64|41|7|127|50|2|148|34|8|78|147|183|47|160|30|29|80|5|128|69|98,0.962|0.956|0.907|0.899|0.89|0.886|0.884|0.861|0.855|0.852|0.844|0.841|0.841|0.84|0.832|0.817|0.809|0.794|0.794|0.791|0.79|0.785|0.773|0.77|0.763|0.762|0.759|0.757|0.755|0.744,0.12,0.203,0.832,0.463,0.956,0.759,0.962,0.841,0.794,0.503,0.66,0.855,0.191,0.89,0.508,0.395,0.341,0.477,0.449,0.297,0.644,0.553,0.485,0.641,0.522,0.737,0.197,0.325,0.557,0.763,0.77,0.51,0.601,0.597,0.809,0.899,0.907,0.886,0.565,0.425,0.675,0.844,0.526,0.664,0.46,0.501,0.454,0.785,0.266,0.513,0.84,0.561,0.523,0.496,0.15,0.423,0.404,0.471,0.513,0.469,0.133,0.186,0.283,0.27,0.852,0.688,0.331,0.318,0.637,0.755,0.628,0.417,0.418,0.406,0.616,0.35,0.591,0.426,0.794,0.543,0.762,0.542,0.325,0.32,0.433,0.299,0.186,0.142,0.112,0.573,0.341,0.394,0.257,0.379,0.254,0.37,0.427,0.425,0.744,0.709,0.513,0.451,0.0,0.0,0.167,0.187,0.206,0.625,0.293,0.373,0.729,0.716,0.335,0.514,0.644,0.398,0.498,0.477,0.555,0.726,0.575,0.523,0.602,0.612,0.543,0.715,0.369,0.841,0.757,0.486,0.265,0.433,0.367,0.422,0.355,0.597,0.734,0.633,0.391,0.659,0.391,0.684,0.359,0.0,0.0,0.0,0.253,0.791,0.817,0.861,0.237,0.494,0.612,0.191,0.546,0.293,0.288,0.375,0.709,0.564,0.773,0.672,0.645,0.257,0.228,0.4,0.324,0.598,0.676,0.691,0.722,0.643,0.266,0.505,0.565,0.663,0.301,0.61,0.555,0.884,0.499,0.722,0.218,0.79,0.366,0.676,0.331,0.219,0.356,0.277,0.591,0.541,0.441,0.246,0.232,0.241,0.232,0.13,0.129,0.0
190,0.373,0.4930495,6.82e-05,0.373,0.788,0.776,0.759,0.073,0.962,0.493,0.0,0.962,0.49,200,194,6|4|36|35|13|37|179|149|11|64|41|127|7|50|2|148|34|8|78|183|147|47|160|30|80|29|5|128|69|98,0.962|0.955|0.907|0.896|0.891|0.887|0.882|0.859|0.856|0.852|0.843|0.842|0.841|0.84|0.821|0.819|0.808|0.798|0.791|0.79|0.788|0.779|0.773|0.768|0.766|0.765|0.761|0.756|0.75|0.744,0.119,0.202,0.821,0.47,0.955,0.761,0.962,0.841,0.798,0.501,0.655,0.856,0.195,0.891,0.517,0.402,0.336,0.484,0.455,0.302,0.642,0.546,0.48,0.643,0.523,0.733,0.203,0.322,0.563,0.765,0.768,0.513,0.602,0.601,0.808,0.896,0.907,0.887,0.571,0.43,0.676,0.843,0.531,0.663,0.465,0.492,0.447,0.779,0.267,0.505,0.84,0.563,0.528,0.498,0.149,0.429,0.408,0.472,0.523,0.48,0.135,0.187,0.286,0.266,0.852,0.688,0.329,0.318,0.639,0.75,0.629,0.422,0.42,0.402,0.601,0.348,0.594,0.426,0.791,0.53,0.766,0.541,0.332,0.326,0.42,0.3,0.176,0.144,0.114,0.597,0.351,0.396,0.265,0.38,0.255,0.366,0.428,0.421,0.744,0.716,0.514,0.454,0.0,0.0,0.17,0.185,0.197,0.633,0.299,0.377,0.724,0.717,0.34,0.522,0.645,0.395,0.497,0.478,0.553,0.723,0.572,0.524,0.599,0.604,0.544,0.712,0.367,0.842,0.756,0.484,0.264,0.44,0.372,0.426,0.354,0.6,0.736,0.63,0.383,0.658,0.405,0.678,0.352,0.0,0.0,0.0,0.25,0.788,0.819,0.859,0.231,0.499,0.611,0.188,0.548,0.292,0.285,0.374,0.711,0.564,0.773,0.679,0.645,0.265,0.227,0.401,0.323,0.601,0.672,0.688,0.721,0.648,0.271,0.511,0.566,0.663,0.303,0.61,0.549,0.882,0.504,0.722,0.216,0.79,0.367,0.665,0.338,0.219,0.356,0.271,0.59,0.541,0.44,0.246,0.228,0.237,0.233,0.132,0.128,0.0
200,0.366,0.4933199,6.69e-05,0.366,0.788,0.776,0.759,0.073,0.963,0.493,0.0,0.963,0.491,200,194,6|4|36|35|13|37|179|149|11|64|41|7|127|50|148|2|8|34|78|183|147|160|80|47|30|5|29|128|69|98,0.963|0.955|0.908|0.895|0.892|0.888|0.881|0.857|0.856|0.853|0.846|0.846|0.846|0.843|0.825|0.811|0.81|0.807|0.792|0.79|0.787|0.776|0.775|0.774|0.768|0.764|0.76|0.759|0.748|0.743,0.116,0.191,0.811,0.469,0.955,0.764,0.963,0.846,0.81,0.498,0.65,0.856,0.193,0.892,0.528,0.403,0.335,0.481,0.444,0.302,0.636,0.547,0.482,0.647,0.532,0.738,0.209,0.315,0.567,0.76,0.768,0.507,0.61,0.6,0.807,0.895,0.908,0.888,0.582,0.438,0.682,0.846,0.538,0.666,0.463,0.488,0.438,0.774,0.258,0.496,0.843,0.56,0.533,0.498,0.147,0.426,0.414,0.47,0.531,0.483,0.136,0.189,0.279,0.264,0.853,0.688,0.322,0.314,0.638,0.748,0.627,0.415,0.421,0.399,0.59,0.337,0.6,0.43,0.792,0.52,0.775,0.541,0.333,0.323,0.419,0.31,0.171,0.144,0.115,0.615,0.358,0.408,0.262,0.375,0.253,0.364,0.425,0.432,0.743,0.722,0.511,0.451,0.0,0.0,0.17,0.179,0.191,0.636,0.297,0.389,0.725,0.727,0.334,0.522,0.645,0.389,0.496,0.473,0.555,0.73,0.572,0.522,0.604,0.603,0.547,0.719,0.367,0.846,0.759,0.474,0.264,0.448,0.372,0.434,0.359,0.595,0.741,0.631,0.374,0.663,0.416,0.67,0.354,0.0,0.0,0.0,0.246,0.787,0.825,0.857,0.228,0.499,0.614,0.186,0.55,0.289,0.279,0.373,0.715,0.569,0.776,0.679,0.643,0.265,0.227,0.4,0.323,0.598,0.675,0.689,0.722,0.661,0.276,0.523,0.571,0.661,0.301,0.611,0.549,0.881,0.503,0.717,0.213,0.79,0.367,0.659,0.342,0.223,0.361,0.272,0.583,0.54,0.432,0.241,0.23,0.236,0.24,0.132,0.127,0.0
210,0.338,0.4937774,6.56e-05,0.338,0.788,0.776,0.759,0.075,0.962,0.494,0.0,0.962,0.491,200,194,6|4|36|35|13|37|179|11|149|64|127|41|7|50|148|8|34|2|183|78|147|160|80|47|30|29|5|128|98|69,0.962|0.953|0.908|0.894|0.891|0.888|0.879|0.855|0.855|0.852|0.846|0.845|0.844|0.836|0.827|0.813|0.804|0.802|0.79|0.785|0.783|0.777|0.775|0.77|0.767|0.767|0.762|0.76|0.744|0.744,0.118,0.191,0.802,0.473,0.953,0.762,0.962,0.844,0.813,0.499,0.644,0.855,0.2,0.891,0.535,0.408,0.334,0.483,0.453,0.308,0.639,0.545,0.489,0.639,0.535,0.732,0.212,0.31,0.571,0.767,0.767,0.511,0.604,0.606,0.804,0.894,0.908,0.888,0.595,0.439,0.683,0.845,0.535,0.664,0.464,0.487,0.444,0.77,0.254,0.475,0.836,0.567,0.539,0.485,0.146,0.434,0.421,0.473,0.541,0.499,0.14,0.188,0.281,0.258,0.852,0.687,0.319,0.317,0.638,0.744,0.626,0.42,0.419,0.39,0.584,0.335,0.603,0.431,0.785,0.507,0.775,0.541,0.339,0.325,0.41,0.311,0.167,0.148,0.118,0.628,0.362,0.407,0.264,0.376,0.256,0.365,0.428,0.43,0.744,0.721,0.518,0.448,0.0,0.0,0.166,0.181,0.185,0.638,0.303,0.386,0.721,0.724,0.337,0.532,0.643,0.385,0.495,0.471,0.558,0.726,0.571,0.522,0.599,0.594,0.548,0.716,0.367,0.846,0.76,0.476,0.263,0.452,0.376,0.434,0.366,0.594,0.738,0.631,0.367,0.663,0.43,0.661,0.355,0.0,0.0,0.0,0.243,0.783,0.827,0.855,0.227,0.497,0.614,0.185,0.55,0.289,0.279,0.382,0.71,0.574,0.777,0.686,0.642,0.27,0.228,0.406,0.322,0.592,0.672,0.693,0.722,0.667,0.279,0.529,0.572,0.662,0.306,0.609,0.557,0.879,0.492,0.72,0.213,0.79,0.371,0.647,0.35,0.225,0.366,0.269,0.581,0.546,0.435,0.236,0.23,0.238,0.248,0.137,0.129,0.0
220,0.323,0.4940825,6.43e-05,0.323,0.79,0.772,0.761,0.076,0.961,0.494,0.0,0.961,0.491,200,194,6|4|36|35|13|37|179|11|149|64|41|127|7|50|148|8|34|2|183|78|80|160|147|30|47|29|128|5|98|136,0.961|0.951|0.907|0.892|0.89|0.886|0.876|0.856|0.852|0.851|0.846|0.846|0.844|0.836|0.826|0.817|0.801|0.791|0.79|0.782|0.778|0.777|0.771|0.768|0.766|0.765|0.762|0.759|0.741|0.74,0.112,0.194,0.791,0.476,0.951,0.759,0.961,0.844,0.817,0.502,0.645,0.856,0.21,0.89,0.542,0.413,0.338,0.485,0.456,0.305,0.626,0.54,0.486,0.636,0.528,0.726,0.217,0.301,0.567,0.765,0.768,0.51,0.602,0.607,0.801,0.892,0.907,0.886,0.599,0.437,0.687,0.846,0.535,0.664,0.466,0.481,0.441,0.766,0.251,0.471,0.836,0.567,0.544,0.478,0.145,0.436,0.424,0.472,0.554,0.505,0.143,0.191,0.281,0.255,0.851,0.687,0.319,0.314,0.639,0.736,0.627,0.422,0.42,0.389,0.572,0.335,0.604,0.432,0.782,0.499,0.778,0.544,0.344,0.332,0.404,0.322,0.166,0.142,0.121,0.628,0.364,0.411,0.267,0.376,0.263,0.362,0.43,0.432,0.741,0.726,0.514,0.444,0.0,0.0,0.172,0.181,0.183,0.642,0.309,0.389,0.719,0.725,0.339,0.535,0.645,0.387,0.498,0.47,0.559,0.728,0.568,0.521,0.596,0.591,0.548,0.718,0.367,0.846,0.762,0.478,0.262,0.46,0.379,0.435,0.37,0.587,0.74,0.629,0.364,0.664,0.441,0.655,0.356,0.0,0.0,0.0,0.243,0.771,0.826,0.852,0.224,0.507,0.606,0.187,0.552,0.289,0.28,0.39,0.709,0.575,0.777,0.691,0.641,0.279,0.231,0.409,0.322,0.588,0.668,0.692,0.721,0.674,0.287,0.535,0.575,0.661,0.307,0.607,0.554,0.876,0.492,0.719,0.212,0.79,0.375,0.634,0.357,0.227,0.371,0.267,0.581,0.545,0.429,0.237,0.23,0.241,0.251,0.143,0.132,0.0
230,0.315,0.4945158,6.3e-05,0.315,0.79,0.772,0.761,0.078,0.961,0.495,0.0,0.961,0.492,200,194,6|4|36|13|35|37|179|64|11|149|127|41|7|50|148|8|34|183|80|2|78|160|147|30|128|29|47|5|98|136,0.961|0.949|0.906|0.888|0.888|0.885|0.872|0.853|0.852|0.849|0.846|0.844|0.841|0.835|0.828|0.819|0.799|0.788|0.779|0.778|0.778|0.776|0.768|0.766|0.762|0.761|0.76|0.759|0.742|0.738,0.118,0.194,0.778,0.484,0.949,0.759,0.961,0.841,0.819,0.498,0.638,0.852,0.218,0.888,0.545,0.412,0.335,0.484,0.455,0.309,0.62,0.536,0.487,0.635,0.533,0.724,0.225,0.295,0.57,0.761,0.766,0.515,0.605,0.605,0.799,0.888,0.906,0.885,0.608,0.44,0.688,0.844,0.535,0.666,0.469,0.476,0.441,0.76,0.252,0.47,0.835,0.573,0.545,0.48,0.145,0.445,0.417,0.478,0.555,0.51,0.146,0.195,0.281,0.257,0.853,0.683,0.316,0.319,0.644,0.735,0.626,0.424,0.418,0.386,0.564,0.336,0.603,0.444,0.778,0.491,0.779,0.546,0.346,0.334,0.41,0.324,0.165,0.14,0.122,0.633,0.37,0.418,0.264,0.372,0.259,0.361,0.433,0.437,0.742,0.727,0.515,0.44,0.0,0.0,0.174,0.181,0.177,0.643,0.314,0.394,0.715,0.727,0.34,0.539,0.643,0.387,0.496,0.474,0.559,0.729,0.564,0.517,0.591,0.59,0.55,0.718,0.366,0.846,0.762,0.474,0.264,0.471,0.384,0.434,0.373,0.584,0.738,0.633,0.364,0.662,0.448,0.645,0.352,0.0,0.0,0.0,0.245,0.768,0.828,0.849,0.226,0.51,0.607,0.184,0.553,0.287,0.278,0.394,0.702,0.575,0.776,0.693,0.64,0.278,0.233,0.412,0.325,0.587,0.666,0.691,0.723,0.677,0.291,0.545,0.581,0.658,0.315,0.603,0.553,0.872,0.489,0.716,0.215,0.788,0.376,0.621,0.364,0.235,0.379,0.27,0.574,0.542,0.428,0.237,0.229,0.245,0.255,0.148,0.139,0.0
240,0.31,0.4949423,6.18e-05,0.31,0.79,0.772,0.761,0.079,0.96,0.495,0.0,0.96,0.493,200,195,6|4|36|13|37|35|179|11|64|127|149|41|7|50|148|8|34|183|80|160|78|2|30|128|29|147|5|47|98|136,0.96|0.947|0.905|0.888|0.886|0.885|0.871|0.851|0.85|0.846|0.845|0.84|0.84|0.832|0.829|0.823|0.795|0.79|0.778|0.777|0.776|0.767|0.764|0.762|0.762|0.762|0.758|0.756|0.741|0.741,0.112,0.196,0.767,0.488,0.947,0.758,0.96,0.84,0.823,0.497,0.64,0.851,0.227,0.888,0.547,0.415,0.337,0.483,0.456,0.311,0.616,0.537,0.488,0.634,0.541,0.721,0.231,0.295,0.567,0.762,0.764,0.517,0.599,0.606,0.795,0.885,0.905,0.886,0.612,0.436,0.685,0.84,0.531,0.669,0.466,0.473,0.436,0.756,0.255,0.462,0.832,0.586,0.548,0.481,0.144,0.441,0.422,0.475,0.562,0.516,0.151,0.193,0.286,0.256,0.85,0.683,0.31,0.32,0.643,0.731,0.625,0.43,0.421,0.386,0.557,0.338,0.601,0.443,0.776,0.482,0.778,0.545,0.347,0.337,0.408,0.327,0.164,0.138,0.121,0.644,0.375,0.417,0.267,0.373,0.261,0.36,0.433,0.438,0.741,0.735,0.518,0.436,0.0,0.0,0.179,0.179,0.171,0.651,0.321,0.395,0.707,0.727,0.341,0.54,0.644,0.381,0.494,0.472,0.561,0.726,0.56,0.518,0.591,0.584,0.553,0.716,0.365,0.846,0.762,0.475,0.264,0.48,0.386,0.439,0.374,0.584,0.741,0.633,0.357,0.661,0.457,0.635,0.352,0.1,0.0,0.0,0.244,0.762,0.829,0.845,0.223,0.516,0.601,0.184,0.558,0.29,0.279,0.39,0.702,0.576,0.777,0.7,0.639,0.282,0.234,0.414,0.324,0.589,0.665,0.691,0.723,0.684,0.301,0.553,0.578,0.661,0.319,0.602,0.553,0.871,0.494,0.716,0.217,0.79,0.377,0.613,0.37,0.24,0.378,0.271,0.574,0.542,0.425,0.238,0.23,0.253,0.258,0.154,0.146,0.0
250,0.298,0.4953142,6.05e-05,0.298,0.79,0.772,0.761,0.081,0.959,0.495,0.0,0.959,0.493,200,194,6|4|36|13|37|35|179|64|11|127|149|41|7|50|148|8|34|183|160|80|78|30|128|5|2|29|147|47|136|98,0.959|0.945|0.903|0.885|0.884|0.881|0.868|0.852|0.849|0.846|0.842|0.84|0.838|0.83|0.828|0.826|0.792|0.79|0.777|0.776|0.772|0.766|0.76|0.757|0.757|0.756|0.754|0.751|0.739|0.739,0.117,0.201,0.757,0.493,0.945,0.757,0.959,0.838,0.826,0.495,0.64,0.849,0.235,0.885,0.552,0.417,0.34,0.48,0.462,0.316,0.614,0.537,0.487,0.635,0.542,0.723,0.234,0.291,0.568,0.756,0.766,0.52,0.598,0.61,0.792,0.881,0.903,0.884,0.62,0.44,0.687,0.84,0.533,0.669,0.462,0.474,0.436,0.751,0.253,0.454,0.83,0.589,0.548,0.477,0.143,0.44,0.428,0.486,0.57,0.519,0.148,0.196,0.279,0.25,0.852,0.681,0.309,0.322,0.643,0.724,0.623,0.427,0.416,0.384,0.551,0.332,0.606,0.445,0.772,0.477,0.776,0.547,0.353,0.338,0.413,0.344,0.162,0.142,0.124,0.647,0.381,0.426,0.262,0.376,0.264,0.36,0.428,0.436,0.739,0.734,0.517,0.425,0.0,0.0,0.182,0.182,0.169,0.647,0.323,0.394,0.704,0.724,0.344,0.544,0.644,0.378,0.498,0.471,0.565,0.726,0.561,0.522,0.587,0.58,0.555,0.718,0.369,0.846,0.76,0.475,0.266,0.483,0.388,0.437,0.381,0.575,0.739,0.638,0.355,0.659,0.462,0.629,0.352,0.0,0.0,0.0,0.248,0.754,0.828,0.842,0.224,0.521,0.598,0.182,0.562,0.289,0.28,0.394,0.695,0.574,0.777,0.705,0.636,0.287,0.237,0.417,0.323,0.577,0.66,0.691,0.725,0.689,0.313,0.562,0.582,0.662,0.327,0.6,0.556,0.868,0.485,0.718,0.221,0.79,0.377,0.599,0.375,0.248,0.387,0.27,0.567,0.541,0.424,0.237,0.231,0.257,0.258,0.162,0.153,0.0
260,0.294,0.4959348,5.93e-05,0.294,0.79,0.772,0.761,0.082,0.958,0.496,0.0,0.958,0.493,200,194,6|4|36|13|37|35|179|11|64|127|41|149|7|50|8|148|183|34|80|160|78|30|128|5|29|2|47|147|98|136,0.958|0.943|0.9|0.884|0.882|0.879|0.867|0.848|0.848|0.845|0.839|0.837|0.837|0.829|0.828|0.826|0.788|0.785|0.779|0.776|0.771|0.763|0.76|0.759|0.752|0.752|0.75|0.744|0.74|0.738,0.122,0.203,0.752,0.498,0.943,0.759,0.958,0.837,0.828,0.495,0.642,0.848,0.244,0.884,0.552,0.421,0.339,0.477,0.459,0.324,0.612,0.533,0.488,0.632,0.543,0.714,0.234,0.286,0.56,0.752,0.763,0.519,0.598,0.612,0.785,0.879,0.9,0.882,0.617,0.441,0.683,0.839,0.538,0.666,0.465,0.458,0.432,0.75,0.26,0.451,0.829,0.593,0.559,0.466,0.145,0.432,0.436,0.482,0.585,0.525,0.153,0.198,0.286,0.251,0.848,0.681,0.311,0.322,0.642,0.723,0.628,0.425,0.413,0.384,0.545,0.336,0.606,0.449,0.771,0.479,0.779,0.55,0.356,0.338,0.414,0.35,0.165,0.146,0.127,0.651,0.389,0.423,0.272,0.378,0.266,0.36,0.433,0.438,0.74,0.736,0.521,0.428,0.0,0.0,0.183,0.184,0.167,0.648,0.327,0.395,0.705,0.725,0.343,0.55,0.637,0.378,0.495,0.472,0.567,0.721,0.565,0.519,0.582,0.575,0.558,0.716,0.367,0.845,0.76,0.476,0.267,0.492,0.397,0.447,0.389,0.575,0.738,0.635,0.345,0.662,0.477,0.619,0.359,0.0,0.0,0.0,0.247,0.744,0.826,0.837,0.226,0.525,0.595,0.184,0.564,0.29,0.279,0.401,0.693,0.582,0.776,0.709,0.641,0.29,0.238,0.415,0.326,0.579,0.658,0.689,0.723,0.695,0.312,0.567,0.583,0.661,0.33,0.597,0.56,0.867,0.479,0.716,0.227,0.788,0.377,0.584,0.376,0.255,0.39,0.273,0.567,0.538,0.418,0.238,0.238,0.263,0.269,0.17,0.157,0.0
270,0.276,0.4963414,5.82e-05,0.276,0.791,0.774,0.762,0.068,0.957,0.496,0.0,0.957,0.494,200,194,6|4|36|13|37|35|179|11|64|127|41|7|149|8|50|148|183|34|80|160|78|5|30|128|29|2|47|98|136|99,0.957|0.941|0.899|0.884|0.88|0.876|0.863|0.85|0.846|0.844|0.839|0.835|0.833|0.833|0.826|0.826|0.788|0.785|0.778|0.775|0.77|0.765|0.765|0.76|0.75|0.748|0.748|0.742|0.739|0.737,0.116,0.209,0.748,0.502,0.941,0.765,0.957,0.835,0.833,0.489,0.638,0.85,0.252,0.884,0.558,0.424,0.339,0.481,0.46,0.325,0.61,0.538,0.482,0.627,0.553,0.717,0.243,0.284,0.555,0.75,0.765,0.515,0.599,0.612,0.785,0.876,0.899,0.88,0.627,0.441,0.686,0.839,0.539,0.664,0.458,0.463,0.431,0.748,0.261,0.441,0.826,0.6,0.568,0.468,0.141,0.428,0.44,0.485,0.603,0.527,0.161,0.202,0.286,0.249,0.846,0.677,0.308,0.328,0.637,0.716,0.631,0.431,0.407,0.384,0.543,0.336,0.605,0.457,0.77,0.474,0.778,0.548,0.358,0.343,0.411,0.348,0.16,0.152,0.128,0.659,0.395,0.422,0.276,0.383,0.266,0.365,0.438,0.44,0.742,0.737,0.527,0.434,0.0,0.0,0.178,0.185,0.162,0.647,0.334,0.399,0.703,0.728,0.347,0.547,0.642,0.381,0.495,0.47,0.565,0.717,0.558,0.519,0.582,0.568,0.553,0.714,0.369,0.844,0.76,0.479,0.269,0.5,0.398,0.441,0.389,0.572,0.739,0.634,0.347,0.657,0.486,0.61,0.358,0.0,0.0,0.0,0.248,0.735,0.826,0.833,0.222,0.518,0.592,0.186,0.561,0.292,0.283,0.404,0.699,0.577,0.775,0.712,0.634,0.289,0.236,0.418,0.325,0.578,0.652,0.687,0.719,0.696,0.318,0.565,0.586,0.66,0.338,0.599,0.563,0.863,0.48,0.715,0.226,0.788,0.379,0.582,0.383,0.26,0.386,0.273,0.563,0.538,0.416,0.24,0.239,0.268,0.278,0.179,0.166,0.0
280,0.264,0.4966196,5.7e-05,0.264,0.791,0.774,0.762,0.065,0.956,0.497,0.0,0.956,0.494,200,194,6|4|36|13|37|35|179|11|64|127|41|8|7|149|148|50|183|34|160|80|78|5|30|128|29|47|2|98|136|99,0.956|0.939|0.898|0.883|0.878|0.873|0.863|0.847|0.846|0.845|0.836|0.836|0.835|0.833|0.826|0.826|0.791|0.783|0.779|0.776|0.767|0.764|0.763|0.761|0.748|0.746|0.743|0.741|0.74|0.739,0.118,0.212,0.743,0.503,0.939,0.764,0.956,0.835,0.836,0.491,0.634,0.847,0.252,0.883,0.56,0.421,0.342,0.482,0.461,0.322,0.609,0.539,0.484,0.626,0.555,0.715,0.24,0.281,0.563,0.748,0.763,0.516,0.597,0.614,0.783,0.873,0.898,0.878,0.63,0.437,0.685,0.836,0.535,0.671,0.456,0.461,0.432,0.746,0.263,0.433,0.826,0.598,0.567,0.465,0.14,0.43,0.445,0.491,0.608,0.526,0.158,0.203,0.286,0.249,0.846,0.68,0.307,0.325,0.639,0.714,0.63,0.429,0.406,0.382,0.539,0.339,0.605,0.461,0.767,0.47,0.776,0.552,0.359,0.344,0.403,0.349,0.155,0.145,0.13,0.668,0.393,0.429,0.277,0.378,0.268,0.365,0.435,0.44,0.741,0.739,0.531,0.432,0.0,0.0,0.176,0.184,0.162,0.65,0.339,0.405,0.7,0.727,0.348,0.544,0.64,0.379,0.495,0.476,0.573,0.719,0.555,0.521,0.579,0.566,0.559,0.718,0.371,0.845,0.761,0.479,0.27,0.506,0.397,0.442,0.39,0.57,0.74,0.636,0.343,0.659,0.491,0.6,0.359,0.0,0.0,0.0,0.249,0.727,0.826,0.833,0.221,0.515,0.588,0.185,0.567,0.295,0.282,0.408,0.693,0.581,0.779,0.714,0.632,0.291,0.237,0.416,0.327,0.572,0.653,0.686,0.721,0.703,0.32,0.58,0.59,0.66,0.34,0.598,0.565,0.863,0.483,0.714,0.227,0.791,0.382,0.575,0.392,0.268,0.39,0.277,0.557,0.543,0.414,0.243,0.241,0.273,0.282,0.184,0.169,0.0
290,0.248,0.496879,5.59e-05,0.248,0.791,0.774,0.762,0.064,0.956,0.497,0.0,0.956,0.494,200,194,6|4|36|13|37|35|179|11|127|64|8|41|7|149|148|50|183|160|34|80|78|5|30|128|29|47|99|98|136|2,0.956|0.937|0.899|0.882|0.875|0.872|0.862|0.845|0.845|0.843|0.839|0.835|0.831|0.829|0.826|0.823|0.793|0.777|0.776|0.773|0.766|0.764|0.763|0.76|0.746|0.744|0.741|0.74|0.738|0.735,0.122,0.216,0.735,0.507,0.937,0.764,0.956,0.831,0.839,0.489,0.633,0.845,0.258,0.882,0.561,0.426,0.344,0.476,0.466,0.324,0.602,0.542,0.477,0.628,0.558,0.715,0.245,0.282,0.564,0.746,0.763,0.518,0.599,0.62,0.776,0.872,0.899,0.875,0.629,0.433,0.687,0.835,0.534,0.67,0.456,0.461,0.43,0.744,0.265,0.426,0.823,0.601,0.571,0.46,0.138,0.427,0.439,0.495,0.619,0.53,0.155,0.202,0.293,0.249,0.843,0.678,0.308,0.329,0.642,0.712,0.631,0.432,0.406,0.384,0.537,0.339,0.602,0.458,0.766,0.47,0.773,0.554,0.366,0.343,0.396,0.352,0.156,0.144,0.131,0.672,0.399,0.426,0.282,0.381,0.272,0.366,0.436,0.442,0.74,0.741,0.536,0.431,0.0,0.0,0.176,0.183,0.158,0.649,0.34,0.401,0.701,0.729,0.346,0.55,0.644,0.377,0.498,0.474,0.573,0.717,0.551,0.518,0.579,0.562,0.555,0.716,0.368,0.845,0.76,0.481,0.269,0.512,0.398,0.443,0.388,0.564,0.738,0.636,0.337,0.656,0.494,0.595,0.36,0.0,0.0,0.0,0.251,0.72,0.826,0.829,0.223,0.521,0.591,0.185,0.572,0.297,0.285,0.409,0.695,0.579,0.777,0.721,0.633,0.299,0.238,0.423,0.33,0.568,0.647,0.678,0.721,0.705,0.326,0.587,0.592,0.657,0.339,0.598,0.567,0.862,0.485,0.717,0.23,0.793,0.383,0.566,0.396,0.276,0.393,0.278,0.561,0.538,0.414,0.243,0.242,0.278,0.284,0.188,0.172,0.0
300,0.235,0.497075,5.48e-05,0.235,0.791,0.774,0.762,0.065,0.955,0.497,0.0,0.955,0.495,200,195,6|4|36|13|37|35|179|127|11|64|8|41|7|149|148|50|183|160|34|80|30|5|128|78|29|47|98|136|99|2,0.955|0.935|0.897|0.879|0.873|0.868|0.861|0.845|0.843|0.842|0.841|0.834|0.828|0.826|0.825|0.822|0.794|0.777|0.771|0.77|0.763|0.761|0.759|0.758|0.746|0.741|0.739|0.739|0.738|0.73,0.117,0.217,0.73,0.512,0.935,0.761,0.955,0.828,0.841,0.489,0.633,0.843,0.259,0.879,0.56,0.429,0.342,0.473,0.464,0.327,0.599,0.54,0.474,0.622,0.558,0.711,0.243,0.279,0.563,0.746,0.763,0.521,0.597,0.621,0.771,0.868,0.897,0.873,0.635,0.432,0.687,0.834,0.536,0.673,0.455,0.456,0.435,0.741,0.267,0.423,0.822,0.602,0.573,0.453,0.136,0.429,0.439,0.497,0.62,0.532,0.158,0.205,0.291,0.248,0.842,0.678,0.307,0.331,0.64,0.705,0.627,0.432,0.399,0.385,0.536,0.338,0.598,0.463,0.758,0.471,0.77,0.555,0.375,0.346,0.388,0.352,0.156,0.147,0.134,0.674,0.397,0.433,0.28,0.377,0.273,0.366,0.439,0.44,0.739,0.738,0.542,0.427,0.1,0.0,0.17,0.182,0.157,0.652,0.347,0.403,0.699,0.73,0.346,0.551,0.642,0.381,0.493,0.477,0.576,0.715,0.552,0.519,0.574,0.557,0.553,0.715,0.37,0.845,0.759,0.481,0.271,0.52,0.404,0.445,0.39,0.564,0.739,0.639,0.334,0.658,0.502,0.587,0.36,0.0,0.0,0.0,0.252,0.712,0.825,0.826,0.223,0.52,0.589,0.186,0.58,0.301,0.285,0.415,0.694,0.58,0.777,0.724,0.635,0.3,0.24,0.424,0.332,0.566,0.645,0.68,0.72,0.708,0.333,0.592,0.594,0.658,0.345,0.594,0.57,0.861,0.483,0.716,0.235,0.794,0.382,0.559,0.404,0.285,0.398,0.282,0.563,0.537,0.41,0.247,0.248,0.283,0.29,0.195,0.176,0.0
310,0.249,0.4974086,5.37e-05,0.249,0.797,0.777,0.768,0.065,0.954,0.497,0.0,0.954,0.495,200,194,6|4|36|13|37|35|179|127|8|11|64|41|7|148|149|50|183|160|80|34|5|128|30|78|29|99|47|98|136|111,0.954|0.933|0.897|0.879|0.871|0.865|0.862|0.846|0.843|0.841|0.84|0.835|0.826|0.825|0.822|0.821|0.796|0.776|0.769|0.766|0.765|0.762|0.762|0.76|0.744|0.742|0.74|0.74|0.738|0.73,0.128,0.22,0.725,0.515,0.933,0.765,0.954,0.826,0.843,0.488,0.631,0.841,0.259,0.879,0.565,0.429,0.348,0.475,0.463,0.331,0.595,0.538,0.47,0.617,0.56,0.706,0.241,0.274,0.56,0.744,0.762,0.519,0.588,0.619,0.766,0.865,0.897,0.871,0.638,0.433,0.688,0.835,0.539,0.673,0.456,0.455,0.431,0.74,0.27,0.415,0.821,0.604,0.573,0.455,0.135,0.425,0.437,0.504,0.627,0.537,0.159,0.206,0.292,0.248,0.84,0.676,0.304,0.332,0.64,0.703,0.63,0.431,0.402,0.385,0.532,0.337,0.596,0.467,0.76,0.471,0.769,0.556,0.379,0.343,0.389,0.351,0.155,0.151,0.139,0.678,0.395,0.432,0.28,0.384,0.275,0.365,0.437,0.442,0.74,0.742,0.549,0.426,0.0,0.0,0.163,0.182,0.153,0.654,0.349,0.403,0.704,0.73,0.345,0.556,0.642,0.382,0.497,0.475,0.578,0.714,0.556,0.519,0.575,0.552,0.557,0.715,0.368,0.846,0.762,0.487,0.272,0.531,0.406,0.45,0.393,0.565,0.738,0.637,0.331,0.66,0.506,0.582,0.361,0.0,0.0,0.0,0.253,0.702,0.825,0.822,0.225,0.52,0.585,0.187,0.586,0.305,0.287,0.418,0.688,0.577,0.776,0.728,0.63,0.302,0.237,0.425,0.332,0.563,0.642,0.682,0.723,0.715,0.338,0.596,0.597,0.658,0.354,0.592,0.573,0.862,0.487,0.718,0.242,0.796,0.38,0.546,0.409,0.292,0.4,0.287,0.557,0.536,0.404,0.25,0.252,0.29,0.288,0.199,0.181,0.0
320,0.246,0.4977659,5.26e-05,0.246,0.797,0.777,0.768,0.062,0.952,0.498,0.0,0.952,0.495,200,194,6|4|36|13|37|179|35|8|127|11|64|41|50|7|148|149|183|160|80|5|34|30|128|78|29|99|98|136|47|111,0.952|0.93|0.892|0.877|0.866|0.859|0.857|0.844|0.843|0.84|0.838|0.835|0.824|0.824|0.823|0.82|0.796|0.775|0.766|0.764|0.76|0.76|0.757|0.751|0.741|0.74|0.739|0.738|0.737|0.73,0.125,0.231,0.718,0.522,0.93,0.764,0.952,0.824,0.844,0.491,0.627,0.84,0.261,0.877,0.565,0.437,0.35,0.477,0.466,0.334,0.599,0.535,0.469,0.619,0.564,0.706,0.244,0.277,0.562,0.741,0.76,0.522,0.599,0.618,0.76,0.857,0.892,0.866,0.644,0.438,0.688,0.835,0.535,0.672,0.454,0.453,0.436,0.737,0.268,0.409,0.824,0.611,0.58,0.447,0.135,0.423,0.449,0.501,0.625,0.535,0.164,0.211,0.29,0.245,0.838,0.676,0.302,0.339,0.64,0.698,0.626,0.431,0.394,0.382,0.534,0.343,0.59,0.465,0.751,0.472,0.766,0.56,0.384,0.352,0.389,0.353,0.158,0.153,0.145,0.683,0.396,0.438,0.278,0.375,0.277,0.367,0.438,0.44,0.739,0.74,0.548,0.423,0.0,0.0,0.167,0.183,0.155,0.649,0.347,0.404,0.699,0.73,0.348,0.549,0.646,0.382,0.489,0.48,0.575,0.709,0.552,0.519,0.572,0.552,0.56,0.714,0.371,0.843,0.757,0.484,0.276,0.528,0.408,0.454,0.398,0.559,0.738,0.64,0.331,0.657,0.51,0.573,0.363,0.0,0.0,0.0,0.258,0.693,0.823,0.82,0.229,0.516,0.585,0.187,0.588,0.31,0.291,0.418,0.686,0.571,0.775,0.728,0.631,0.303,0.242,0.428,0.337,0.564,0.643,0.681,0.719,0.716,0.343,0.601,0.601,0.657,0.359,0.588,0.578,0.859,0.486,0.716,0.245,0.796,0.386,0.541,0.411,0.305,0.4,0.29,0.555,0.536,0.403,0.258,0.253,0.289,0.297,0.211,0.188,0.0
330,0.218,0.4981113,5.16e-05,0.218,0.799,0.777,0.77,0.061,0.95,0.498,0.0,0.95,0.496,200,194,6|4|36|13|37|35|179|8|127|64|11|41|148|7|50|149|183|160|80|5|30|128|34|78|99|29|98|136|47|161,0.95|0.927|0.893|0.873|0.862|0.857|0.857|0.844|0.844|0.838|0.837|0.829|0.82|0.818|0.817|0.815|0.796|0.771|0.762|0.762|0.761|0.758|0.757|0.751|0.742|0.741|0.737|0.735|0.731|0.729,0.127,0.235,0.711,0.525,0.927,0.762,0.95,0.818,0.844,0.491,0.626,0.837,0.266,0.873,0.568,0.44,0.356,0.476,0.464,0.34,0.593,0.532,0.463,0.614,0.559,0.703,0.248,0.275,0.557,0.741,0.761,0.522,0.596,0.619,0.757,0.857,0.893,0.862,0.642,0.429,0.685,0.829,0.529,0.669,0.45,0.449,0.433,0.731,0.27,0.408,0.817,0.614,0.58,0.449,0.136,0.423,0.45,0.506,0.631,0.54,0.17,0.209,0.295,0.25,0.838,0.676,0.304,0.338,0.638,0.698,0.625,0.43,0.401,0.384,0.532,0.346,0.591,0.474,0.751,0.473,0.762,0.564,0.388,0.355,0.388,0.35,0.159,0.149,0.152,0.675,0.401,0.437,0.287,0.386,0.279,0.376,0.441,0.448,0.737,0.742,0.551,0.424,0.0,0.0,0.168,0.184,0.157,0.646,0.353,0.403,0.698,0.724,0.349,0.55,0.642,0.38,0.492,0.477,0.578,0.706,0.552,0.52,0.569,0.55,0.559,0.713,0.371,0.844,0.758,0.493,0.277,0.537,0.412,0.452,0.398,0.556,0.735,0.638,0.327,0.655,0.508,0.567,0.366,0.0,0.0,0.0,0.266,0.682,0.82,0.815,0.229,0.519,0.58,0.191,0.593,0.314,0.295,0.428,0.684,0.575,0.771,0.729,0.626,0.307,0.242,0.429,0.339,0.556,0.638,0.678,0.716,0.718,0.349,0.607,0.602,0.653,0.37,0.585,0.578,0.857,0.488,0.717,0.251,0.796,0.386,0.535,0.421,0.309,0.401,0.294,0.556,0.534,0.4,0.263,0.258,0.294,0.29,0.216,0.188,0.0
340,0.211,0.4984183,5.06e-05,0.211,0.799,0.777,0.77,0.061,0.948,0.498,0.0,0.948,0.496,200,194,6|4|36|13|37|179|35|8|127|11|64|41|148|7|50|149|183|160|5|30|80|128|34|78|29|99|98|136|161|47,0.948|0.924|0.891|0.872|0.859|0.854|0.852|0.845|0.842|0.837|0.836|0.827|0.82|0.82|0.814|0.813|0.797|0.77|0.763|0.76|0.758|0.753|0.751|0.747|0.742|0.739|0.735|0.733|0.73|0.728,0.126,0.238,0.708,0.533,0.924,0.763,0.948,0.82,0.845,0.49,0.628,0.837,0.27,0.872,0.565,0.443,0.357,0.478,0.469,0.34,0.592,0.534,0.462,0.612,0.559,0.702,0.25,0.274,0.557,0.742,0.76,0.527,0.6,0.62,0.751,0.852,0.891,0.859,0.644,0.428,0.681,0.827,0.529,0.665,0.451,0.443,0.429,0.728,0.278,0.406,0.814,0.613,0.585,0.447,0.135,0.423,0.449,0.508,0.633,0.542,0.166,0.212,0.297,0.249,0.836,0.676,0.305,0.339,0.631,0.69,0.626,0.426,0.395,0.385,0.538,0.344,0.59,0.476,0.747,0.477,0.758,0.561,0.391,0.355,0.383,0.353,0.158,0.156,0.16,0.678,0.393,0.441,0.286,0.391,0.285,0.374,0.439,0.448,0.735,0.739,0.559,0.424,0.0,0.0,0.17,0.186,0.154,0.641,0.354,0.408,0.696,0.726,0.349,0.555,0.644,0.386,0.488,0.479,0.577,0.7,0.553,0.521,0.568,0.546,0.558,0.709,0.372,0.842,0.753,0.493,0.278,0.538,0.414,0.453,0.4,0.554,0.733,0.637,0.325,0.654,0.51,0.564,0.372,0.0,0.0,0.0,0.271,0.679,0.82,0.813,0.232,0.517,0.58,0.189,0.598,0.318,0.299,0.426,0.679,0.571,0.77,0.73,0.627,0.31,0.242,0.431,0.34,0.554,0.635,0.679,0.715,0.717,0.355,0.606,0.604,0.654,0.374,0.582,0.582,0.854,0.488,0.715,0.257,0.797,0.388,0.527,0.424,0.316,0.4,0.297,0.553,0.534,0.403,0.267,0.263,0.3,0.3,0.222,0.188,0.0
350,0.199,0.4985995,4.96e-05,0.199,0.797,0.776,0.769,0.062,0.947,0.499,0.0,0.947,0.496,200,194,6|4|36|13|37|179|35|8|127|11|64|41|148|7|50|149|183|160|5|30|80|128|34|78|99|29|98|136|161|111,0.947|0.922|0.89|0.87|0.857|0.855|0.85|0.848|0.843|0.837|0.832|0.829|0.82|0.82|0.815|0.811|0.797|0.77|0.764|0.76|0.757|0.755|0.747|0.746|0.74|0.739|0.736|0.734|0.729|0.727,0.129,0.237,0.707,0.536,0.922,0.764,0.947,0.82,0.848,0.491,0.629,0.837,0.27,0.87,0.57,0.448,0.361,0.469,0.466,0.346,0.587,0.533,0.46,0.608,0.556,0.697,0.251,0.273,0.555,0.739,0.76,0.524,0.598,0.621,0.747,0.85,0.89,0.857,0.646,0.425,0.684,0.829,0.527,0.666,0.451,0.444,0.429,0.725,0.278,0.402,0.815,0.612,0.589,0.442,0.134,0.423,0.451,0.509,0.636,0.545,0.167,0.208,0.297,0.249,0.832,0.679,0.302,0.336,0.63,0.684,0.626,0.419,0.391,0.383,0.529,0.346,0.592,0.479,0.746,0.477,0.757,0.564,0.392,0.357,0.379,0.356,0.157,0.155,0.162,0.678,0.394,0.439,0.287,0.389,0.282,0.376,0.441,0.451,0.736,0.74,0.558,0.421,0.0,0.0,0.166,0.184,0.154,0.644,0.359,0.412,0.698,0.727,0.346,0.551,0.643,0.385,0.49,0.48,0.577,0.703,0.55,0.514,0.568,0.544,0.558,0.711,0.371,0.843,0.755,0.492,0.279,0.546,0.418,0.456,0.4,0.552,0.734,0.636,0.324,0.655,0.515,0.557,0.377,0.0,0.0,0.0,0.276,0.669,0.82,0.811,0.236,0.517,0.582,0.191,0.602,0.32,0.301,0.426,0.677,0.572,0.77,0.729,0.624,0.309,0.24,0.433,0.342,0.556,0.637,0.672,0.718,0.72,0.355,0.61,0.608,0.653,0.375,0.579,0.583,0.855,0.489,0.713,0.265,0.797,0.386,0.521,0.429,0.325,0.403,0.304,0.556,0.535,0.396,0.272,0.267,0.305,0.303,0.227,0.193,0.0
360,0.211,0.4987814,4.86e-05,0.211,0.797,0.776,0.769,0.063,0.946,0.499,0.0,0.946,0.496,200,194,6|4|36|13|179|37|8|35|127|11|64|41|148|7|50|149|183|5|160|30|80|128|34|78|99|98|29|136|161|111,0.946|0.922|0.889|0.869|0.854|0.853|0.851|0.848|0.842|0.837|0.833|0.828|0.819|0.819|0.817|0.81|0.798|0.77|0.769|0.758|0.754|0.75|0.744|0.743|0.74|0.737|0.736|0.733|0.731|0.731,0.128,0.241,0.701,0.544,0.922,0.77,0.946,0.819,0.851,0.492,0.628,0.837,0.271,0.869,0.572,0.451,0.361,0.471,0.467,0.346,0.587,0.533,0.457,0.604,0.557,0.697,0.252,0.272,0.548,0.736,0.758,0.524,0.598,0.624,0.744,0.848,0.889,0.853,0.649,0.42,0.683,0.828,0.522,0.665,0.449,0.438,0.428,0.721,0.28,0.398,0.817,0.615,0.592,0.442,0.133,0.425,0.452,0.51,0.632,0.547,0.165,0.211,0.298,0.249,0.833,0.682,0.303,0.338,0.633,0.676,0.627,0.422,0.391,0.386,0.528,0.345,0.59,0.479,0.743,0.482,0.754,0.565,0.396,0.361,0.376,0.36,0.155,0.154,0.168,0.676,0.389,0.445,0.289,0.388,0.285,0.377,0.44,0.454,0.737,0.74,0.564,0.423,0.0,0.0,0.163,0.182,0.151,0.645,0.358,0.414,0.699,0.731,0.345,0.552,0.644,0.389,0.486,0.48,0.579,0.697,0.55,0.518,0.567,0.538,0.557,0.708,0.375,0.842,0.75,0.496,0.28,0.55,0.42,0.457,0.399,0.551,0.733,0.636,0.321,0.654,0.519,0.555,0.376,0.0,0.0,0.0,0.282,0.662,0.819,0.81,0.238,0.517,0.581,0.189,0.608,0.325,0.303,0.428,0.679,0.569,0.769,0.731,0.622,0.309,0.239,0.436,0.346,0.553,0.632,0.673,0.716,0.716,0.363,0.611,0.612,0.655,0.381,0.577,0.586,0.854,0.491,0.71,0.271,0.798,0.391,0.52,0.434,0.326,0.399,0.307,0.558,0.533,0.393,0.281,0.27,0.307,0.307,0.229,0.193,0.0
370,0.188,0.4992068,4.76e-05,0.188,0.797,0.776,0.769,0.059,0.943,0.499,0.0,0.943,0.497,200,194,6|4|36|13|179|37|8|35|127|64|11|41|148|7|50|149|183|160|5|30|128|80|78|34|99|98|29|161|136|111,0.943|0.919|0.887|0.866|0.852|0.85|0.85|0.844|0.841|0.833|0.833|0.825|0.817|0.814|0.813|0.806|0.797|0.77|0.767|0.756|0.751|0.749|0.741|0.74|0.738|0.737|0.734|0.732|0.729|0.729,0.126,0.244,0.695,0.547,0.919,0.767,0.943,0.814,0.85,0.489,0.629,0.833,0.271,0.866,0.577,0.453,0.367,0.471,0.465,0.348,0.584,0.531,0.454,0.604,0.557,0.694,0.254,0.268,0.546,0.734,0.756,0.524,0.593,0.621,0.74,0.844,0.887,0.85,0.646,0.427,0.683,0.825,0.516,0.666,0.446,0.438,0.424,0.716,0.283,0.391,0.813,0.615,0.595,0.439,0.133,0.427,0.453,0.515,0.637,0.551,0.169,0.212,0.303,0.252,0.833,0.677,0.304,0.345,0.633,0.68,0.624,0.422,0.389,0.391,0.531,0.349,0.593,0.481,0.741,0.479,0.749,0.566,0.398,0.363,0.376,0.36,0.156,0.159,0.177,0.673,0.391,0.444,0.293,0.395,0.289,0.378,0.441,0.455,0.737,0.738,0.563,0.421,0.0,0.0,0.163,0.183,0.153,0.642,0.361,0.416,0.697,0.729,0.345,0.552,0.64,0.384,0.488,0.482,0.581,0.697,0.551,0.518,0.56,0.539,0.559,0.709,0.373,0.841,0.751,0.499,0.282,0.559,0.421,0.458,0.401,0.548,0.729,0.638,0.321,0.652,0.518,0.55,0.382,0.0,0.0,0.0,0.286,0.657,0.817,0.806,0.242,0.517,0.585,0.194,0.61,0.33,0.309,0.431,0.672,0.575,0.77,0.732,0.62,0.309,0.242,0.437,0.347,0.551,0.634,0.669,0.718,0.721,0.361,0.615,0.612,0.654,0.392,0.572,0.588,0.852,0.494,0.712,0.282,0.797,0.39,0.516,0.441,0.333,0.405,0.314,0.557,0.531,0.39,0.284,0.277,0.31,0.312,0.239,0.194,0.0
380,0.195,0.4994816,4.67e-05,0.195,0.797,0.776,0.769,0.052,0.943,0.499,0.0,0.943,0.497,200,194,6|4|36|13|8|179|37|127|35|11|64|41|148|7|50|149|183|5|160|30|128|80|78|98|34|99|161|29|111|136,0.943|0.918|0.887|0.866|0.851|0.85|0.847|0.842|0.842|0.833|0.829|0.825|0.816|0.814|0.811|0.804|0.797|0.769|0.767|0.756|0.753|0.748|0.739|0.737|0.736|0.734|0.734|0.732|0.73|0.729,0.13,0.241,0.691,0.549,0.918,0.769,0.943,0.814,0.851,0.491,0.63,0.833,0.271,0.866,0.58,0.458,0.37,0.468,0.465,0.352,0.584,0.531,0.452,0.603,0.557,0.695,0.253,0.269,0.543,0.732,0.756,0.528,0.597,0.622,0.736,0.842,0.887,0.847,0.647,0.424,0.684,0.825,0.517,0.662,0.449,0.436,0.425,0.712,0.286,0.39,0.811,0.614,0.595,0.442,0.133,0.429,0.456,0.519,0.637,0.555,0.169,0.212,0.304,0.251,0.829,0.679,0.302,0.346,0.629,0.671,0.622,0.418,0.386,0.389,0.53,0.349,0.587,0.482,0.739,0.482,0.748,0.564,0.396,0.365,0.379,0.358,0.155,0.157,0.183,0.677,0.391,0.449,0.287,0.398,0.289,0.379,0.442,0.455,0.737,0.734,0.567,0.42,0.0,0.0,0.165,0.183,0.151,0.643,0.366,0.413,0.698,0.73,0.345,0.551,0.64,0.385,0.49,0.483,0.579,0.694,0.549,0.518,0.561,0.538,0.559,0.707,0.377,0.842,0.753,0.501,0.285,0.563,0.423,0.459,0.401,0.549,0.729,0.639,0.319,0.653,0.522,0.545,0.385,0.0,0.0,0.0,0.292,0.654,0.816,0.804,0.248,0.523,0.588,0.195,0.615,0.333,0.313,0.433,0.668,0.574,0.767,0.734,0.619,0.314,0.242,0.437,0.349,0.553,0.632,0.667,0.718,0.724,0.367,0.618,0.616,0.653,0.401,0.569,0.588,0.85,0.499,0.712,0.289,0.797,0.391,0.514,0.444,0.339,0.402,0.32,0.563,0.527,0.385,0.29,0.282,0.309,0.311,0.244,0.197,0.0
390,0.172,0.499609,4.57e-05,0.172,0.797,0.776,0.769,0.051,0.94,0.5,0.0,0.94,0.497,200,194,6|4|36|13|8|179|37|127|35|11|64|41|148|7|50|149|183|5|160|30|128|80|78|98|99|161|34|29|111|136,0.94|0.917|0.884|0.864|0.852|0.849|0.844|0.84|0.838|0.833|0.825|0.825|0.814|0.813|0.811|0.801|0.797|0.766|0.763|0.755|0.751|0.747|0.736|0.736|0.733|0.732|0.731|0.73|0.729|0.728,0.133,0.242,0.683,0.551,0.917,0.766,0.94,0.813,0.852,0.493,0.632,0.833,0.273,0.864,0.584,0.462,0.374,0.464,0.466,0.356,0.58,0.526,0.446,0.599,0.556,0.691,0.254,0.273,0.539,0.73,0.755,0.526,0.595,0.618,0.731,0.838,0.884,0.844,0.653,0.425,0.683,0.825,0.517,0.666,0.446,0.437,0.43,0.709,0.289,0.388,0.811,0.609,0.596,0.442,0.134,0.433,0.462,0.521,0.637,0.554,0.173,0.217,0.301,0.252,0.825,0.677,0.3,0.342,0.624,0.663,0.616,0.414,0.383,0.383,0.528,0.348,0.586,0.485,0.736,0.485,0.747,0.566,0.401,0.366,0.376,0.359,0.152,0.16,0.191,0.671,0.39,0.454,0.291,0.398,0.291,0.379,0.44,0.46,0.736,0.733,0.568,0.425,0.0,0.0,0.164,0.185,0.153,0.641,0.368,0.418,0.699,0.729,0.345,0.551,0.64,0.391,0.489,0.485,0.582,0.692,0.55,0.519,0.559,0.535,0.555,0.705,0.379,0.84,0.751,0.501,0.286,0.567,0.422,0.462,0.4,0.549,0.728,0.638,0.317,0.649,0.522,0.542,0.389,0.0,0.0,0.0,0.297,0.649,0.814,0.801,0.251,0.52,0.592,0.199,0.62,0.338,0.315,0.432,0.667,0.571,0.763,0.732,0.617,0.315,0.242,0.438,0.351,0.548,0.631,0.663,0.717,0.723,0.373,0.622,0.618,0.653,0.407,0.564,0.586,0.849,0.504,0.71,0.298,0.797,0.393,0.513,0.452,0.338,0.405,0.325,0.566,0.527,0.38,0.295,0.287,0.31,0.315,0.248,0.198,0.0
400,0.17,0.49986,4.48e-05,0.17,0.797,0.776,0.769,0.052,0.938,0.5,0.0,0.938,0.498,200,194,6|4|36|13|8|179|37|127|35|11|41|64|148|7|50|149|183|5|160|30|128|80|98|78|161|111|99|29|136|34,0.938|0.915|0.883|0.863|0.852|0.848|0.841|0.839|0.833|0.831|0.823|0.822|0.814|0.811|0.808|0.797|0.796|0.768|0.764|0.754|0.749|0.741|0.734|0.734|0.731|0.729|0.729|0.728|0.726|0.726,0.131,0.245,0.676,0.555,0.915,0.768,0.938,0.811,0.852,0.493,0.627,0.831,0.272,0.863,0.591,0.463,0.376,0.469,0.47,0.361,0.579,0.528,0.45,0.597,0.558,0.692,0.254,0.269,0.537,0.728,0.754,0.526,0.59,0.618,0.726,0.833,0.883,0.841,0.654,0.42,0.683,0.823,0.509,0.664,0.447,0.432,0.429,0.709,0.291,0.383,0.808,0.611,0.6,0.438,0.133,0.431,0.455,0.523,0.636,0.555,0.176,0.218,0.306,0.253,0.822,0.677,0.299,0.346,0.622,0.658,0.614,0.409,0.384,0.385,0.529,0.349,0.584,0.488,0.734,0.488,0.741,0.568,0.404,0.368,0.372,0.362,0.156,0.158,0.196,0.667,0.39,0.452,0.296,0.403,0.294,0.38,0.443,0.461,0.734,0.729,0.572,0.424,0.0,0.0,0.164,0.185,0.151,0.643,0.37,0.42,0.699,0.729,0.346,0.553,0.639,0.391,0.488,0.485,0.58,0.69,0.548,0.519,0.555,0.532,0.56,0.703,0.379,0.839,0.749,0.504,0.289,0.577,0.426,0.46,0.402,0.546,0.726,0.639,0.319,0.648,0.524,0.54,0.389,0.0,0.0,0.0,0.304,0.647,0.814,0.797,0.257,0.523,0.595,0.199,0.625,0.341,0.318,0.435,0.663,0.569,0.764,0.731,0.612,0.316,0.239,0.438,0.356,0.548,0.63,0.657,0.718,0.721,0.376,0.621,0.622,0.652,0.417,0.563,0.585,0.848,0.508,0.709,0.308,0.796,0.392,0.512,0.457,0.347,0.405,0.33,0.56,0.526,0.381,0.301,0.292,0.313,0.313,0.253,0.203,0.0
410,0.157,0.5002425,4.4e-05,0.158,0.797,0.776,0.769,0.053,0.935,0.5,0.0,0.935,0.498,200,194,6|4|36|13|8|179|127|37|35|11|41|64|148|7|50|149|183|5|160|30|128|80|98|161|78|111|99|29|34|136,0.935|0.913|0.88|0.86|0.851|0.843|0.836|0.835|0.829|0.828|0.821|0.82|0.811|0.806|0.805|0.796|0.794|0.763|0.762|0.751|0.747|0.736|0.732|0.732|0.73|0.728|0.727|0.726|0.723|0.723,0.135,0.246,0.676,0.558,0.913,0.763,0.935,0.806,0.851,0.494,0.628,0.828,0.277,0.86,0.593,0.469,0.383,0.464,0.469,0.364,0.574,0.526,0.444,0.594,0.554,0.69,0.258,0.272,0.533,0.726,0.751,0.525,0.59,0.616,0.723,0.829,0.88,0.835,0.653,0.423,0.683,0.821,0.51,0.664,0.445,0.432,0.43,0.705,0.297,0.384,0.805,0.613,0.6,0.437,0.134,0.433,0.462,0.527,0.631,0.553,0.176,0.223,0.309,0.254,0.82,0.674,0.299,0.347,0.621,0.655,0.609,0.409,0.382,0.384,0.53,0.349,0.581,0.487,0.73,0.491,0.736,0.568,0.407,0.372,0.37,0.367,0.158,0.159,0.203,0.667,0.387,0.456,0.301,0.402,0.298,0.382,0.441,0.463,0.732,0.727,0.574,0.426,0.0,0.0,0.165,0.186,0.153,0.635,0.37,0.424,0.696,0.728,0.346,0.551,0.637,0.394,0.489,0.488,0.58,0.687,0.548,0.521,0.553,0.53,0.557,0.701,0.381,0.836,0.747,0.505,0.291,0.578,0.427,0.462,0.403,0.544,0.723,0.638,0.32,0.645,0.522,0.535,0.391,0.0,0.0,0.0,0.311,0.644,0.811,0.796,0.261,0.525,0.597,0.205,0.629,0.346,0.322,0.436,0.662,0.568,0.762,0.732,0.613,0.317,0.243,0.441,0.358,0.546,0.628,0.653,0.714,0.719,0.377,0.621,0.622,0.652,0.427,0.558,0.584,0.843,0.51,0.706,0.32,0.794,0.395,0.512,0.462,0.352,0.409,0.338,0.566,0.524,0.382,0.313,0.299,0.315,0.318,0.264,0.206,0.0
420,0.155,0.5003807,4.31e-05,0.155,0.788,0.769,0.759,0.054,0.934,0.5,0.0,0.934,0.498,200,194,6|4|36|13|8|179|127|37|35|11|41|64|148|50|7|149|183|5|160|30|128|98|161|80|78|111|99|29|136|171,0.934|0.912|0.879|0.859|0.851|0.842|0.836|0.831|0.827|0.825|0.821|0.818|0.811|0.802|0.801|0.794|0.794|0.764|0.762|0.749|0.745|0.734|0.734|0.733|0.731|0.727|0.725|0.725|0.721|0.718,0.13,0.244,0.672,0.56,0.912,0.764,0.934,0.801,0.851,0.495,0.627,0.825,0.276,0.859,0.595,0.471,0.384,0.466,0.471,0.367,0.57,0.524,0.442,0.595,0.557,0.689,0.254,0.272,0.529,0.725,0.749,0.525,0.586,0.615,0.717,0.827,0.879,0.831,0.65,0.424,0.68,0.821,0.505,0.662,0.444,0.432,0.43,0.7,0.299,0.38,0.802,0.612,0.604,0.433,0.136,0.431,0.462,0.525,0.632,0.555,0.176,0.222,0.31,0.255,0.818,0.674,0.3,0.348,0.621,0.653,0.613,0.412,0.383,0.387,0.529,0.347,0.579,0.486,0.731,0.493,0.733,0.565,0.409,0.371,0.366,0.362,0.156,0.157,0.205,0.662,0.386,0.456,0.302,0.405,0.301,0.382,0.439,0.463,0.734,0.725,0.575,0.428,0.0,0.0,0.165,0.187,0.152,0.637,0.374,0.424,0.7,0.727,0.347,0.555,0.638,0.395,0.491,0.487,0.582,0.684,0.547,0.522,0.554,0.528,0.557,0.699,0.381,0.836,0.745,0.509,0.292,0.581,0.427,0.464,0.404,0.543,0.721,0.638,0.319,0.642,0.523,0.535,0.392,0.0,0.0,0.0,0.318,0.64,0.811,0.794,0.266,0.523,0.599,0.206,0.634,0.35,0.324,0.437,0.659,0.57,0.762,0.734,0.611,0.319,0.241,0.442,0.361,0.544,0.626,0.65,0.715,0.718,0.383,0.623,0.626,0.654,0.432,0.554,0.586,0.842,0.513,0.707,0.333,0.794,0.395,0.513,0.463,0.356,0.408,0.342,0.567,0.522,0.382,0.317,0.303,0.315,0.321,0.27,0.206,0.0
430,0.144,0.5006166,4.22e-05,0.145,0.788,0.769,0.759,0.056,0.932,0.501,0.0,0.932,0.498,200,194,6|4|36|13|8|179|127|37|11|35|64|41|148|50|7|183|149|5|160|30|128|161|98|78|111|80|29|99|136|171,0.932|0.911|0.878|0.858|0.85|0.839|0.835|0.829|0.824|0.823|0.817|0.817|0.809|0.798|0.798|0.792|0.789|0.762|0.759|0.749|0.744|0.734|0.733|0.728|0.726|0.726|0.722|0.722|0.719|0.718,0.133,0.24,0.671,0.563,0.911,0.762,0.932,0.798,0.85,0.497,0.627,0.824,0.278,0.858,0.6,0.473,0.385,0.458,0.473,0.37,0.57,0.524,0.442,0.596,0.554,0.689,0.256,0.274,0.528,0.722,0.749,0.529,0.588,0.612,0.712,0.823,0.878,0.829,0.65,0.418,0.681,0.817,0.505,0.66,0.445,0.428,0.426,0.693,0.303,0.381,0.798,0.61,0.606,0.434,0.136,0.43,0.461,0.521,0.631,0.556,0.177,0.224,0.313,0.258,0.817,0.674,0.302,0.351,0.619,0.653,0.609,0.41,0.385,0.392,0.527,0.347,0.578,0.489,0.728,0.496,0.726,0.566,0.41,0.369,0.362,0.364,0.157,0.157,0.209,0.659,0.387,0.456,0.306,0.402,0.304,0.382,0.436,0.464,0.733,0.722,0.575,0.427,0.0,0.0,0.165,0.189,0.154,0.638,0.378,0.427,0.697,0.726,0.345,0.549,0.636,0.397,0.49,0.489,0.581,0.681,0.545,0.523,0.553,0.527,0.556,0.696,0.384,0.835,0.744,0.509,0.295,0.589,0.431,0.465,0.403,0.544,0.719,0.639,0.32,0.642,0.527,0.532,0.393,0.0,0.0,0.0,0.324,0.638,0.809,0.789,0.268,0.52,0.601,0.21,0.637,0.352,0.327,0.436,0.658,0.571,0.759,0.734,0.61,0.32,0.244,0.444,0.366,0.545,0.628,0.646,0.715,0.718,0.387,0.625,0.626,0.655,0.44,0.55,0.586,0.839,0.517,0.705,0.342,0.792,0.394,0.514,0.468,0.36,0.409,0.349,0.571,0.52,0.383,0.323,0.307,0.317,0.322,0.275,0.205,0.0
440,0.191,0.5009718,4.14e-05,0.191,0.788,0.769,0.759,0.059,0.929,0.501,0.0,0.929,0.498,200,194,6|4|36|13|8|179|127|11|35|37|41|64|148|50|183|7|149|5|160|30|128|161|98|80|111|78|171|136|99|29,0.929|0.908|0.875|0.852|0.847|0.834|0.832|0.822|0.821|0.82|0.816|0.812|0.806|0.796|0.79|0.789|0.783|0.761|0.755|0.744|0.741|0.732|0.731|0.725|0.72|0.719|0.717|0.715|0.714|0.711,0.145,0.241,0.662,0.568,0.908,0.761,0.929,0.789,0.847,0.499,0.623,0.822,0.277,0.852,0.599,0.475,0.387,0.462,0.476,0.374,0.562,0.525,0.438,0.591,0.553,0.682,0.261,0.278,0.523,0.711,0.744,0.527,0.593,0.614,0.704,0.821,0.875,0.82,0.646,0.421,0.675,0.816,0.498,0.661,0.439,0.425,0.43,0.691,0.3,0.387,0.796,0.616,0.606,0.435,0.139,0.438,0.465,0.523,0.625,0.558,0.179,0.231,0.318,0.26,0.812,0.668,0.303,0.355,0.618,0.641,0.606,0.407,0.38,0.396,0.528,0.342,0.573,0.486,0.719,0.5,0.725,0.567,0.414,0.368,0.37,0.372,0.158,0.165,0.214,0.658,0.388,0.461,0.304,0.412,0.303,0.382,0.44,0.468,0.731,0.714,0.573,0.432,0.0,0.0,0.167,0.195,0.156,0.64,0.379,0.428,0.698,0.72,0.347,0.554,0.636,0.4,0.49,0.489,0.583,0.678,0.553,0.521,0.551,0.526,0.555,0.694,0.384,0.832,0.741,0.511,0.299,0.59,0.433,0.463,0.41,0.541,0.715,0.637,0.321,0.64,0.522,0.533,0.4,0.0,0.0,0.0,0.33,0.629,0.806,0.783,0.277,0.524,0.604,0.216,0.637,0.36,0.333,0.448,0.652,0.575,0.755,0.732,0.61,0.32,0.246,0.447,0.368,0.542,0.624,0.647,0.711,0.717,0.387,0.628,0.629,0.656,0.448,0.549,0.587,0.834,0.519,0.703,0.35,0.79,0.394,0.512,0.467,0.368,0.411,0.358,0.567,0.517,0.387,0.323,0.313,0.318,0.323,0.276,0.205,0.0
450,0.166,0.5012786,4.06e-05,0.166,0.788,0.769,0.759,0.061,0.929,0.501,0.0,0.929,0.499,200,194,6|4|36|13|8|127|179|11|37|35|64|41|148|50|7|149|183|5|160|30|128|161|98|78|111|99|80|29|171|136,0.929|0.906|0.874|0.85|0.847|0.83|0.827|0.82|0.819|0.816|0.809|0.808|0.805|0.794|0.791|0.786|0.784|0.764|0.75|0.743|0.739|0.735|0.729|0.726|0.722|0.722|0.717|0.715|0.714|0.711,0.141,0.251,0.666,0.571,0.906,0.764,0.929,0.791,0.847,0.497,0.619,0.82,0.294,0.85,0.602,0.476,0.395,0.457,0.481,0.368,0.561,0.527,0.433,0.587,0.554,0.68,0.258,0.284,0.524,0.715,0.743,0.532,0.583,0.617,0.708,0.816,0.874,0.819,0.653,0.422,0.671,0.808,0.496,0.657,0.435,0.429,0.429,0.683,0.307,0.373,0.794,0.61,0.613,0.434,0.138,0.43,0.465,0.527,0.628,0.549,0.19,0.23,0.319,0.262,0.809,0.665,0.299,0.357,0.615,0.636,0.599,0.411,0.385,0.39,0.532,0.345,0.573,0.496,0.726,0.498,0.717,0.568,0.414,0.367,0.372,0.37,0.161,0.17,0.218,0.67,0.399,0.458,0.322,0.416,0.307,0.389,0.436,0.474,0.729,0.722,0.574,0.43,0.0,0.0,0.173,0.2,0.158,0.634,0.377,0.431,0.694,0.722,0.35,0.545,0.639,0.397,0.487,0.495,0.582,0.68,0.548,0.53,0.555,0.518,0.558,0.687,0.383,0.83,0.739,0.513,0.302,0.601,0.433,0.467,0.408,0.535,0.711,0.632,0.324,0.634,0.518,0.534,0.399,0.0,0.0,0.0,0.334,0.63,0.805,0.786,0.272,0.525,0.601,0.22,0.643,0.364,0.339,0.44,0.645,0.57,0.75,0.735,0.605,0.316,0.247,0.443,0.366,0.54,0.621,0.637,0.71,0.714,0.388,0.623,0.625,0.658,0.454,0.542,0.58,0.827,0.518,0.7,0.363,0.784,0.398,0.516,0.477,0.363,0.414,0.361,0.57,0.522,0.382,0.338,0.315,0.322,0.327,0.284,0.212,0.0
460,0.139,0.5015208,3.98e-05,0.139,0.791,0.776,0.762,0.06,0.931,0.502,0.0,0.931,0.499,200,194,6|4|36|13|8|127|179|11|37|35|41|64|148|50|7|149|183|5|160|30|128|98|161|78|111|171|99|170|29|80,0.931|0.908|0.875|0.854|0.851|0.833|0.83|0.821|0.818|0.813|0.813|0.809|0.805|0.797|0.794|0.785|0.785|0.759|0.75|0.746|0.742|0.736|0.735|0.724|0.724|0.719|0.717|0.716|0.716|0.715,0.133,0.246,0.666,0.566,0.908,0.759,0.931,0.794,0.851,0.497,0.618,0.821,0.292,0.854,0.61,0.474,0.395,0.457,0.477,0.37,0.562,0.528,0.432,0.591,0.561,0.687,0.256,0.278,0.526,0.716,0.746,0.533,0.589,0.62,0.708,0.813,0.875,0.818,0.655,0.415,0.67,0.813,0.498,0.654,0.439,0.43,0.431,0.684,0.305,0.371,0.797,0.608,0.613,0.433,0.138,0.435,0.475,0.535,0.626,0.552,0.182,0.224,0.322,0.264,0.809,0.665,0.301,0.352,0.614,0.636,0.6,0.413,0.38,0.386,0.531,0.342,0.572,0.502,0.724,0.498,0.715,0.571,0.414,0.369,0.371,0.364,0.162,0.164,0.211,0.664,0.395,0.461,0.318,0.402,0.309,0.392,0.435,0.477,0.736,0.717,0.575,0.435,0.0,0.0,0.172,0.195,0.154,0.634,0.384,0.434,0.698,0.724,0.346,0.547,0.64,0.395,0.489,0.497,0.584,0.683,0.552,0.527,0.554,0.518,0.557,0.69,0.385,0.833,0.742,0.515,0.299,0.602,0.43,0.465,0.407,0.532,0.712,0.631,0.319,0.631,0.512,0.536,0.405,0.0,0.0,0.0,0.336,0.63,0.805,0.785,0.276,0.527,0.606,0.221,0.646,0.363,0.336,0.447,0.642,0.572,0.75,0.735,0.605,0.314,0.245,0.443,0.367,0.534,0.624,0.638,0.716,0.719,0.387,0.626,0.628,0.659,0.459,0.543,0.578,0.83,0.52,0.702,0.368,0.785,0.395,0.518,0.478,0.369,0.415,0.361,0.577,0.522,0.389,0.336,0.312,0.324,0.335,0.291,0.211,0.0
470,0.124,0.5016804,3.9e-05,0.124,0.791,0.776,0.762,0.061,0.931,0.502,0.0,0.931,0.499,200,194,6|4|36|13|8|127|179|11|37|35|41|64|148|7|50|183|149|5|160|30|128|161|98|78|111|171|170|29|80|99,0.931|0.907|0.874|0.854|0.851|0.832|0.83|0.821|0.816|0.813|0.813|0.805|0.804|0.793|0.792|0.787|0.784|0.761|0.751|0.744|0.742|0.735|0.735|0.726|0.724|0.72|0.719|0.716|0.715|0.713,0.141,0.247,0.668,0.568,0.907,0.761,0.931,0.793,0.851,0.502,0.621,0.821,0.288,0.854,0.608,0.476,0.392,0.455,0.471,0.375,0.561,0.531,0.431,0.589,0.555,0.683,0.257,0.281,0.527,0.716,0.744,0.531,0.584,0.621,0.703,0.813,0.874,0.816,0.656,0.417,0.669,0.813,0.5,0.657,0.438,0.429,0.432,0.684,0.308,0.37,0.792,0.608,0.616,0.43,0.138,0.43,0.475,0.54,0.624,0.553,0.176,0.227,0.321,0.262,0.805,0.668,0.301,0.349,0.613,0.628,0.598,0.405,0.375,0.387,0.533,0.338,0.574,0.505,0.726,0.501,0.715,0.572,0.415,0.367,0.362,0.37,0.166,0.168,0.214,0.656,0.389,0.461,0.318,0.391,0.309,0.385,0.436,0.477,0.735,0.713,0.575,0.433,0.0,0.0,0.173,0.191,0.153,0.634,0.387,0.435,0.698,0.724,0.345,0.546,0.638,0.396,0.489,0.497,0.585,0.683,0.552,0.525,0.55,0.514,0.557,0.691,0.384,0.832,0.742,0.515,0.298,0.604,0.434,0.466,0.408,0.532,0.711,0.631,0.32,0.631,0.518,0.532,0.414,0.0,0.0,0.0,0.342,0.631,0.804,0.784,0.279,0.53,0.61,0.222,0.65,0.364,0.338,0.446,0.642,0.572,0.751,0.735,0.606,0.315,0.244,0.444,0.368,0.533,0.624,0.638,0.719,0.72,0.39,0.629,0.633,0.66,0.462,0.539,0.579,0.83,0.521,0.705,0.374,0.787,0.393,0.513,0.483,0.371,0.418,0.368,0.58,0.524,0.39,0.339,0.313,0.326,0.336,0.296,0.215,0.0
480,0.139,0.5017639,3.82e-05,0.139,0.791,0.776,0.762,0.062,0.93,0.502,0.0,0.93,0.499,200,194,6|4|36|13|8|127|179|11|41|37|35|148|64|50|7|183|149|5|160|30|128|98|161|78|111|171|170|29|80|99,0.93|0.906|0.874|0.853|0.852|0.832|0.831|0.82|0.813|0.811|0.81|0.802|0.802|0.794|0.79|0.787|0.78|0.762|0.75|0.741|0.74|0.736|0.733|0.725|0.722|0.722|0.718|0.715|0.715|0.712,0.135,0.242,0.663,0.571,0.906,0.762,0.93,0.79,0.852,0.501,0.617,0.82,0.289,0.853,0.609,0.48,0.4,0.453,0.472,0.375,0.56,0.529,0.429,0.587,0.554,0.681,0.254,0.282,0.523,0.715,0.741,0.527,0.58,0.618,0.697,0.81,0.874,0.811,0.654,0.422,0.667,0.813,0.497,0.655,0.441,0.427,0.432,0.683,0.307,0.369,0.794,0.607,0.619,0.432,0.139,0.432,0.469,0.537,0.623,0.552,0.177,0.23,0.323,0.264,0.802,0.666,0.3,0.352,0.611,0.628,0.598,0.404,0.378,0.394,0.526,0.333,0.575,0.507,0.725,0.5,0.715,0.574,0.416,0.366,0.355,0.374,0.169,0.166,0.219,0.646,0.386,0.461,0.319,0.39,0.309,0.382,0.439,0.475,0.736,0.712,0.577,0.435,0.0,0.0,0.171,0.188,0.152,0.632,0.387,0.435,0.699,0.722,0.346,0.543,0.64,0.397,0.49,0.495,0.583,0.68,0.549,0.524,0.548,0.512,0.558,0.691,0.388,0.832,0.74,0.517,0.3,0.609,0.435,0.467,0.411,0.531,0.71,0.631,0.322,0.631,0.522,0.532,0.418,0.0,0.0,0.0,0.347,0.629,0.802,0.78,0.282,0.527,0.615,0.223,0.65,0.368,0.34,0.449,0.642,0.57,0.75,0.733,0.601,0.316,0.246,0.446,0.372,0.529,0.626,0.639,0.718,0.722,0.394,0.629,0.635,0.66,0.466,0.538,0.579,0.831,0.523,0.705,0.38,0.787,0.393,0.514,0.487,0.375,0.415,0.37,0.576,0.525,0.394,0.347,0.318,0.33,0.34,0.305,0.221,0.0
490,0.123,0.5019591,3.75e-05,0.123,0.791,0.776,0.762,0.063,0.928,0.502,0.0,0.928,0.5,200,194,6|4|36|13|8|127|179|11|41|37|35|64|148|50|183|7|149|5|160|30|128|98|161|78|171|111|170|29|80|99,0.928|0.905|0.873|0.851|0.85|0.831|0.829|0.821|0.811|0.81|0.809|0.802|0.801|0.788|0.785|0.783|0.777|0.763|0.748|0.741|0.738|0.735|0.733|0.724|0.72|0.72|0.716|0.715|0.712|0.711,0.143,0.243,0.66,0.572,0.905,0.763,0.928,0.783,0.85,0.5,0.62,0.821,0.289,0.851,0.61,0.484,0.401,0.452,0.468,0.375,0.559,0.526,0.425,0.583,0.552,0.679,0.255,0.286,0.522,0.715,0.741,0.525,0.581,0.617,0.694,0.809,0.873,0.81,0.656,0.42,0.671,0.811,0.499,0.66,0.441,0.427,0.433,0.678,0.311,0.369,0.788,0.608,0.616,0.432,0.14,0.437,0.471,0.536,0.62,0.552,0.179,0.233,0.326,0.264,0.802,0.665,0.3,0.356,0.611,0.624,0.593,0.401,0.378,0.389,0.525,0.329,0.577,0.508,0.724,0.498,0.712,0.571,0.419,0.37,0.352,0.373,0.169,0.166,0.219,0.648,0.386,0.462,0.32,0.394,0.313,0.384,0.439,0.477,0.735,0.711,0.58,0.439,0.0,0.0,0.173,0.19,0.154,0.634,0.39,0.438,0.696,0.72,0.347,0.542,0.638,0.4,0.489,0.497,0.583,0.678,0.548,0.525,0.544,0.51,0.555,0.688,0.389,0.831,0.738,0.518,0.303,0.612,0.436,0.467,0.406,0.532,0.707,0.629,0.32,0.629,0.522,0.531,0.421,0.0,0.0,0.0,0.351,0.628,0.801,0.777,0.284,0.523,0.614,0.227,0.651,0.371,0.341,0.445,0.643,0.572,0.748,0.733,0.603,0.317,0.246,0.446,0.374,0.533,0.623,0.635,0.716,0.72,0.396,0.632,0.638,0.66,0.468,0.536,0.577,0.829,0.527,0.704,0.387,0.785,0.39,0.518,0.49,0.382,0.419,0.373,0.574,0.525,0.399,0.351,0.318,0.328,0.342,0.315,0.225,0.0
